<?xml version='1.0' encoding='utf-8'?>
<COLLADA xmlns="http://www.collada.org/2005/11/COLLADASchema" version="1.4.1">
  <asset>
    <contributor>
      <author>Blender User</author>
      <authoring_tool>Blender 3.0.1</authoring_tool>
    </contributor>
    <created>2025-08-22T14:56:27</created>
    <modified>2025-08-22T14:56:27</modified>
    <unit name="meter" meter="1" />
    <up_axis>Z_UP</up_axis>
  </asset>
  <library_cameras>
    <camera id="Camera-camera" name="Camera">
      <optics>
        <technique_common>
          <perspective>
            <xfov sid="xfov">39.59775</xfov>
            <aspect_ratio>1.777778</aspect_ratio>
            <znear sid="znear">0.1</znear>
            <zfar sid="zfar">100</zfar>
          </perspective>
        </technique_common>
      </optics>
      <extra>
        <technique profile="blender">
          <shiftx sid="shiftx" type="float">0</shiftx>
          <shifty sid="shifty" type="float">0</shifty>
          <dof_distance sid="dof_distance" type="float">10</dof_distance>
        </technique>
      </extra>
    </camera>
  </library_cameras>
  <library_lights>
    <light id="Light-light" name="Light">
      <technique_common>
        <point>
          <color sid="color">1000 1000 1000</color>
          <constant_attenuation>1</constant_attenuation>
          <linear_attenuation>0</linear_attenuation>
          <quadratic_attenuation>0.00111109</quadratic_attenuation>
        </point>
      </technique_common>
      <extra>
        <technique profile="blender">
          <type sid="type" type="int">0</type>
          <flag sid="flag" type="int">0</flag>
          <mode sid="mode" type="int">1</mode>
          <gamma sid="blender_gamma" type="float">1</gamma>
          <red sid="red" type="float">1</red>
          <green sid="green" type="float">1</green>
          <blue sid="blue" type="float">1</blue>
          <shadow_r sid="blender_shadow_r" type="float">0</shadow_r>
          <shadow_g sid="blender_shadow_g" type="float">0</shadow_g>
          <shadow_b sid="blender_shadow_b" type="float">0</shadow_b>
          <energy sid="blender_energy" type="float">1000</energy>
          <dist sid="blender_dist" type="float">29.99998</dist>
          <spotsize sid="spotsize" type="float">75</spotsize>
          <spotblend sid="spotblend" type="float">0.15</spotblend>
          <att1 sid="att1" type="float">0</att1>
          <att2 sid="att2" type="float">1</att2>
          <falloff_type sid="falloff_type" type="int">2</falloff_type>
          <clipsta sid="clipsta" type="float">0.04999995</clipsta>
          <clipend sid="clipend" type="float">30.002</clipend>
          <bias sid="bias" type="float">1</bias>
          <soft sid="soft" type="float">3</soft>
          <bufsize sid="bufsize" type="int">2880</bufsize>
          <samp sid="samp" type="int">3</samp>
          <buffers sid="buffers" type="int">1</buffers>
          <area_shape sid="area_shape" type="int">1</area_shape>
          <area_size sid="area_size" type="float">0.1</area_size>
          <area_sizey sid="area_sizey" type="float">0.1</area_sizey>
          <area_sizez sid="area_sizez" type="float">1</area_sizez>
        </technique>
      </extra>
    </light>
  </library_lights>
  <library_effects>
    <effect id="mat_1_007-effect">
      <profile_COMMON>
        <technique sid="common">
          <lambert>
            <emission>
              <color sid="emission">0 0 0 1</color>
            </emission>
            <diffuse>
              <color sid="diffuse">0.62745 0.62745 0.62745 1</color>
            </diffuse>
            <index_of_refraction>
              <float sid="ior">1.45</float>
            </index_of_refraction>
          </lambert>
        </technique>
      </profile_COMMON>
    </effect>
  </library_effects>
  <library_images />
  <library_materials>
    <material id="mat_1_007-material" name="mat_1.007">
      <instance_effect url="#mat_1_007-effect" />
    </material>
  </library_materials>
  <library_geometries>
    <geometry id="geometry_697cd7e1_2389_491c_bade_f195235f2ca6-mesh" name="geometry_697cd7e1_2389_491c_bade_f195235f2ca6">
      <mesh>
        <source id="geometry_697cd7e1_2389_491c_bade_f195235f2ca6-mesh-positions">
          <float_array id="geometry_697cd7e1_2389_491c_bade_f195235f2ca6-mesh-positions-array" count="9216">14.92725 -13.27296 604.0006 14.92725 -13.27296 611.694 14.93347 -13.34749 611.694 14.93347 -13.34749 604.0006 14.93597 -13.42224 604.0006 14.93597 -13.42224 611.694 14.93475 -13.49702 604.0006 14.93475 -13.49702 611.694 14.92979 -13.57165 604.0006 14.92979 -13.57165 611.694 14.92113 -13.64594 604.0006 14.92113 -13.64594 611.694 14.90877 -13.7197 604.0006 14.90877 -13.7197 611.694 14.89275 -13.79276 604.0006 14.89275 -13.79276 611.694 14.8731 -13.86493 604.0006 14.8731 -13.86493 611.694 14.84989 -13.93602 604.0006 14.84989 -13.93602 611.694 14.82316 -14.00588 604.0006 14.82316 -14.00588 611.694 14.79298 -14.07431 604.0006 14.79298 -14.07431 611.694 14.75943 -14.14115 604.0006 14.75943 -14.14115 611.694 14.72259 -14.20624 604.0006 14.72259 -14.20624 611.694 14.68254 -14.26941 604.0006 14.68254 -14.26941 611.694 14.6394 -14.33051 604.0006 14.6394 -14.33051 611.694 14.59327 -14.38938 604.0006 14.59327 -14.38938 611.694 14.54426 -14.44588 604.0006 14.54426 -14.44588 611.694 14.4925 -14.49986 604.0006 14.4925 -14.49986 611.694 14.43811 -14.5512 604.0006 14.43811 -14.5512 611.694 14.38123 -14.59976 604.0006 14.38123 -14.59976 611.694 14.32199 -14.64543 604.0006 14.32199 -14.64543 611.694 14.26056 -14.68808 604.0006 14.26056 -14.68808 611.694 14.19707 -14.72763 604.0006 14.19707 -14.72763 611.694 14.1317 -14.76395 604.0006 14.1317 -14.76395 611.694 14.06459 -14.79698 604.0006 14.06459 -14.79698 611.694 13.99592 -14.82662 604.0006 13.99592 -14.82662 611.694 13.92586 -14.8528 604.0006 13.92586 -14.8528 611.694 13.85458 -14.87545 604.0006 13.85458 -14.87545 611.694 13.78226 -14.89452 604.0006 13.78226 -14.89452 611.694 13.70908 -14.90997 604.0006 13.70908 -14.90997 611.694 13.63523 -14.92174 604.0006 13.63523 -14.92174 611.694 13.56087 -14.92982 604.0006 13.56087 -14.92982 611.694 13.4862 -14.93419 604.0006 13.4862 -14.93419 611.694 13.41142 -14.93483 604.0006 13.41142 -14.93483 611.694 13.33669 -14.93174 604.0006 13.33669 -14.93174 611.694 13.26221 -14.92492 604.0006 13.26221 -14.92492 611.694 13.18816 -14.91441 604.0006 13.18816 -14.91441 611.694 13.11473 -14.90021 604.0006 13.11473 -14.90021 611.694 13.04209 -14.88238 604.0006 13.04209 -14.88238 611.694 12.97044 -14.86094 604.0006 12.97044 -14.86094 611.694 12.89994 -14.83596 604.0006 12.89994 -14.83596 611.694 12.83078 -14.8075 604.0006 12.83078 -14.8075 611.694 12.76312 -14.77562 604.0006 12.76312 -14.77562 611.694 12.69713 -14.74041 604.0006 12.69713 -14.74041 611.694 12.63298 -14.70196 604.0006 12.63298 -14.70196 611.694 12.57083 -14.66036 604.0006 12.57083 -14.66036 611.694 12.51082 -14.61571 604.0006 12.51082 -14.61571 611.694 12.45312 -14.56812 604.0006 12.45312 -14.56812 611.694 12.39787 -14.51772 604.0006 12.39787 -14.51772 611.694 12.34519 -14.46462 604.0006 12.34519 -14.46462 611.694 12.29522 -14.40897 604.0006 12.29522 -14.40897 611.694 12.24809 -14.35089 604.0006 12.24809 -14.35089 611.694 12.20392 -14.29054 604.0006 12.20392 -14.29054 611.694 12.16281 -14.22806 604.0006 12.16281 -14.22806 611.694 12.12486 -14.16361 604.0006 12.12486 -14.16361 611.694 12.09017 -14.09735 604.0006 12.09017 -14.09735 611.694 12.05883 -14.02944 604.0006 12.05883 -14.02944 611.694 12.03091 -13.96006 604.0006 12.03091 -13.96006 611.694 12.00649 -13.88936 604.0006 12.00649 -13.88936 611.694 11.98562 -13.81754 604.0006 11.98562 -13.81754 611.694 11.96836 -13.74477 604.0006 11.96836 -13.74477 611.694 11.95474 -13.67123 604.0006 11.95474 -13.67123 611.694 11.94481 -13.5971 604.0006 11.94481 -13.5971 611.694 11.93859 -13.52257 604.0006 11.93859 -13.52257 611.694 11.93608 -13.44782 604.0006 11.93608 -13.44782 611.694 11.93731 -13.37303 604.0006 11.93731 -13.37303 611.694 11.94226 -13.2984 604.0006 11.94226 -13.2984 611.694 11.95093 -13.22412 604.0006 11.95093 -13.22412 611.694 11.96329 -13.15035 604.0006 11.96329 -13.15035 611.694 11.97931 -13.0773 611.694 11.97931 -13.0773 604.0006 11.99895 -13.00513 604.0006 11.99895 -13.00513 611.694 12.02217 -12.93403 604.0006 12.02217 -12.93403 611.694 12.0489 -12.86418 611.694 12.0489 -12.86418 604.0006 12.07908 -12.79575 604.0006 12.07908 -12.79575 611.694 12.11263 -12.7289 604.0006 12.11263 -12.7289 611.694 12.14947 -12.66382 604.0006 12.14947 -12.66382 611.694 12.18951 -12.60064 604.0006 12.18951 -12.60064 611.694 12.23265 -12.53955 604.0006 12.23265 -12.53955 611.694 12.27878 -12.48068 604.0006 12.27878 -12.48068 611.694 12.32779 -12.42418 604.0006 12.32779 -12.42418 611.694 12.37956 -12.3702 604.0006 12.37956 -12.3702 611.694 12.43395 -12.31886 604.0006 12.43395 -12.31886 611.694 12.49083 -12.2703 604.0006 12.49083 -12.2703 611.694 12.55006 -12.22463 611.694 12.55006 -12.22463 604.0006 12.6115 -12.18197 604.0006 12.6115 -12.18197 611.694 12.67498 -12.14243 604.0006 12.67498 -12.14243 611.694 12.74036 -12.1061 604.0006 12.74036 -12.1061 611.694 12.80746 -12.07308 604.0006 12.80746 -12.07308 611.694 12.87613 -12.04344 604.0006 12.87613 -12.04344 611.694 12.9462 -12.01726 604.0006 12.9462 -12.01726 611.694 13.01747 -11.99461 604.0006 13.01747 -11.99461 611.694 13.08979 -11.97554 604.0006 13.08979 -11.97554 611.694 13.16297 -11.96009 604.0006 13.16297 -11.96009 611.694 13.23683 -11.94831 604.0006 13.23683 -11.94831 611.694 13.31119 -11.94023 604.0006 13.31119 -11.94023 611.694 13.38585 -11.93587 604.0006 13.38585 -11.93587 611.694 13.46064 -11.93523 604.0006 13.46064 -11.93523 611.694 13.53537 -11.93832 604.0006 13.53537 -11.93832 611.694 13.60985 -11.94513 604.0006 13.60985 -11.94513 611.694 13.6839 -11.95565 611.694 13.6839 -11.95565 604.0006 13.75733 -11.96984 604.0006 13.75733 -11.96984 611.694 13.82997 -11.98768 604.0006 13.82997 -11.98768 611.694 13.90162 -12.00912 604.0006 13.90162 -12.00912 611.694 13.97212 -12.0341 604.0006 13.97212 -12.0341 611.694 14.04128 -12.06256 604.0006 14.04128 -12.06256 611.694 14.10894 -12.09444 604.0006 14.10894 -12.09444 611.694 14.17493 -12.12964 604.0006 14.17493 -12.12964 611.694 14.23908 -12.1681 604.0006 14.23908 -12.1681 611.694 14.30123 -12.2097 604.0006 14.30123 -12.2097 611.694 14.36123 -12.25435 604.0006 14.36123 -12.25435 611.694 14.41893 -12.30194 604.0006 14.41893 -12.30194 611.694 14.47419 -12.35234 604.0006 14.47419 -12.35234 611.694 14.52687 -12.40543 604.0006 14.52687 -12.40543 611.694 14.57683 -12.46109 604.0006 14.57683 -12.46109 611.694 14.62396 -12.51916 604.0006 14.62396 -12.51916 611.694 14.66814 -12.57951 604.0006 14.66814 -12.57951 611.694 14.70925 -12.64199 604.0006 14.70925 -12.64199 611.694 14.7472 -12.70644 604.0006 14.7472 -12.70644 611.694 14.78188 -12.77271 604.0006 14.78188 -12.77271 611.694 14.81323 -12.84062 604.0006 14.81323 -12.84062 611.694 14.84114 -12.91 604.0006 14.84114 -12.91 611.694 14.86557 -12.98069 604.0006 14.86557 -12.98069 611.694 14.88644 -13.05251 604.0006 14.88644 -13.05251 611.694 14.9037 -13.12529 604.0006 14.9037 -13.12529 611.694 14.91732 -13.19883 604.0006 14.91732 -13.19883 611.694 16.16993 -13.1379 601.3005 16.16993 -13.1379 604.0006 16.18134 -13.27454 604.0006 16.18134 -13.27454 601.3005 16.18593 -13.41159 604.0006 16.18593 -13.41159 601.3005 16.18368 -13.54869 604.0006 16.18368 -13.54869 601.3005 16.1746 -13.6855 604.0006 16.1746 -13.6855 601.3005 16.15871 -13.8217 604.0006 16.15871 -13.8217 601.3005 16.13605 -13.95693 604.0006 16.13605 -13.95693 601.3005 16.10668 -14.09087 604.0006 16.10668 -14.09087 601.3005 16.07067 -14.22318 604.0006 16.07067 -14.22318 601.3005 16.02811 -14.35352 604.0006 16.02811 -14.35352 601.3005 15.9791 -14.48158 604.0006 15.9791 -14.48158 601.3005 15.92377 -14.60704 604.0006 15.92377 -14.60704 601.3005 15.86226 -14.72959 604.0006 15.86226 -14.72959 601.3005 15.79472 -14.84892 604.0006 15.79472 -14.84892 601.3005 15.72131 -14.96473 604.0006 15.72131 -14.96473 601.3005 15.64222 -15.07674 604.0006 15.64222 -15.07674 601.3005 15.55764 -15.18467 604.0006 15.55764 -15.18467 601.3005 15.46779 -15.28825 604.0006 15.46779 -15.28825 601.3005 15.37289 -15.38722 604.0006 15.37289 -15.38722 601.3005 15.27318 -15.48134 604.0006 15.27318 -15.48134 601.3005 15.16889 -15.57037 604.0006 15.16889 -15.57037 601.3005 15.0603 -15.65409 604.0006 15.0603 -15.65409 601.3005 14.94767 -15.7323 604.0006 14.94767 -15.7323 601.3005 14.83128 -15.80479 604.0006 14.83128 -15.80479 601.3005 14.71142 -15.87139 604.0006 14.71142 -15.87139 601.3005 14.58839 -15.93194 604.0006 14.58839 -15.93194 601.3005 14.4625 -15.98627 604.0006 14.4625 -15.98627 601.3005 14.33406 -16.03427 604.0006 14.33406 -16.03427 601.3005 14.20338 -16.0758 604.0006 14.20338 -16.0758 601.3005 14.07079 -16.11077 604.0006 14.07079 -16.11077 601.3005 13.93663 -16.13908 604.0006 13.93663 -16.13908 601.3005 13.80122 -16.16067 604.0006 13.80122 -16.16067 601.3005 13.6649 -16.17549 604.0006 13.6649 -16.17549 601.3005 13.52802 -16.18349 604.0006 13.52802 -16.18349 601.3005 13.39091 -16.18466 604.0006 13.39091 -16.18466 601.3005 13.25391 -16.17899 604.0006 13.25391 -16.17899 601.3005 13.11736 -16.1665 604.0006 13.11736 -16.1665 601.3005 12.9816 -16.14722 604.0006 12.9816 -16.14722 601.3005 12.84697 -16.1212 604.0006 12.84697 -16.1212 601.3005 12.71381 -16.0885 604.0006 12.71381 -16.0885 601.3005 12.58244 -16.0492 604.0006 12.58244 -16.0492 601.3005 12.4532 -16.0034 604.0006 12.4532 -16.0034 601.3005 12.3264 -15.95122 604.0006 12.3264 -15.95122 601.3005 12.20236 -15.89278 604.0006 12.20236 -15.89278 601.3005 12.08138 -15.82823 604.0006 12.08138 -15.82823 601.3005 11.96377 -15.75773 604.0006 11.96377 -15.75773 601.3005 11.84982 -15.68146 604.0006 11.84982 -15.68146 601.3005 11.73982 -15.5996 604.0006 11.73982 -15.5996 601.3005 11.63403 -15.51236 604.0006 11.63403 -15.51236 601.3005 11.53273 -15.41996 604.0006 11.53273 -15.41996 601.3005 11.43615 -15.32262 604.0006 11.43615 -15.32262 601.3005 11.34455 -15.22059 604.0006 11.34455 -15.22059 601.3005 11.25815 -15.11412 604.0006 11.25815 -15.11412 601.3005 11.17716 -15.00347 604.0006 11.17716 -15.00347 601.3005 11.10179 -14.88893 604.0006 11.10179 -14.88893 601.3005 11.03222 -14.77077 604.0006 11.03222 -14.77077 601.3005 10.96863 -14.64929 604.0006 10.96863 -14.64929 601.3005 10.91117 -14.52479 604.0006 10.91117 -14.52479 601.3005 10.85999 -14.39758 604.0006 10.85999 -14.39758 601.3005 10.81521 -14.26798 604.0006 10.81521 -14.26798 601.3005 10.77695 -14.1363 604.0006 10.77695 -14.1363 601.3005 10.7453 -14.00289 604.0006 10.7453 -14.00289 601.3005 10.72034 -13.86806 604.0006 10.72034 -13.86806 601.3005 10.70213 -13.73216 604.0006 10.70213 -13.73216 601.3005 10.69072 -13.59551 601.3005 10.69072 -13.59551 604.0006 10.68613 -13.45847 601.3005 10.68613 -13.45847 604.0006 10.68838 -13.32137 601.3005 10.68838 -13.32137 604.0006 10.69746 -13.18455 601.3005 10.69746 -13.18455 604.0006 10.71335 -13.04836 601.3005 10.71335 -13.04836 604.0006 10.73601 -12.91312 601.3005 10.73601 -12.91312 604.0006 10.76538 -12.77919 601.3005 10.76538 -12.77919 604.0006 10.80139 -12.64688 601.3005 10.80139 -12.64688 604.0006 10.84395 -12.51654 601.3005 10.84395 -12.51654 604.0006 10.89296 -12.38847 601.3005 10.89296 -12.38847 604.0006 10.94828 -12.26301 601.3005 10.94828 -12.26301 604.0006 11.0098 -12.14047 601.3005 11.0098 -12.14047 604.0006 11.07734 -12.02114 601.3005 11.07734 -12.02114 604.0006 11.15075 -11.90532 601.3005 11.15075 -11.90532 604.0006 11.22984 -11.79331 601.3005 11.22984 -11.79331 604.0006 11.31441 -11.68538 601.3005 11.31441 -11.68538 604.0006 11.40426 -11.58181 601.3005 11.40426 -11.58181 604.0006 11.49917 -11.48283 601.3005 11.49917 -11.48283 604.0006 11.59888 -11.38872 601.3005 11.59888 -11.38872 604.0006 11.70316 -11.29969 601.3005 11.70316 -11.29969 604.0006 11.81176 -11.21596 601.3005 11.81176 -11.21596 604.0006 11.92439 -11.13776 601.3005 11.92439 -11.13776 604.0006 12.04078 -11.06527 601.3005 12.04078 -11.06527 604.0006 12.16063 -10.99866 601.3005 12.16063 -10.99866 604.0006 12.28366 -10.93812 601.3005 12.28366 -10.93812 604.0006 12.40956 -10.88378 601.3005 12.40956 -10.88378 604.0006 12.538 -10.83579 601.3005 12.538 -10.83579 604.0006 12.66868 -10.79426 601.3005 12.66868 -10.79426 604.0006 12.80126 -10.75929 601.3005 12.80126 -10.75929 604.0006 12.93543 -10.73098 601.3005 12.93543 -10.73098 604.0006 13.07084 -10.70938 601.3005 13.07084 -10.70938 604.0006 13.20715 -10.69457 601.3005 13.20715 -10.69457 604.0006 13.34404 -10.68657 601.3005 13.34404 -10.68657 604.0006 13.48115 -10.6854 601.3005 13.48115 -10.6854 604.0006 13.61815 -10.69107 601.3005 13.61815 -10.69107 604.0006 13.7547 -10.70355 601.3005 13.7547 -10.70355 604.0006 13.89046 -10.72284 601.3005 13.89046 -10.72284 604.0006 14.02508 -10.74886 601.3005 14.02508 -10.74886 604.0006 14.15825 -10.78156 601.3005 14.15825 -10.78156 604.0006 14.28961 -10.82086 601.3005 14.28961 -10.82086 604.0006 14.41886 -10.86665 601.3005 14.41886 -10.86665 604.0006 14.54566 -10.91884 601.3005 14.54566 -10.91884 604.0006 14.6697 -10.97728 601.3005 14.6697 -10.97728 604.0006 14.79068 -11.04182 601.3005 14.79068 -11.04182 604.0006 14.90828 -11.11232 601.3005 14.90828 -11.11232 604.0006 15.02223 -11.18859 601.3005 15.02223 -11.18859 604.0006 15.13224 -11.27046 601.3005 15.13224 -11.27046 604.0006 15.23802 -11.35769 601.3005 15.23802 -11.35769 604.0006 15.33933 -11.4501 601.3005 15.33933 -11.4501 604.0006 15.4359 -11.54744 601.3005 15.4359 -11.54744 604.0006 15.52751 -11.64947 601.3005 15.52751 -11.64947 604.0006 15.61391 -11.75594 601.3005 15.61391 -11.75594 604.0006 15.6949 -11.86659 601.3005 15.6949 -11.86659 604.0006 15.77027 -11.98113 601.3005 15.77027 -11.98113 604.0006 15.83984 -12.09929 601.3005 15.83984 -12.09929 604.0006 15.90343 -12.22077 601.3005 15.90343 -12.22077 604.0006 15.96089 -12.34527 601.3005 15.96089 -12.34527 604.0006 16.01207 -12.47248 601.3005 16.01207 -12.47248 604.0006 16.05685 -12.60208 601.3005 16.05685 -12.60208 604.0006 16.09511 -12.73375 601.3005 16.09511 -12.73375 604.0006 16.12676 -12.86717 601.3005 16.12676 -12.86717 604.0006 16.15172 -13.002 601.3005 16.15172 -13.002 604.0006 12.33694 -15.62466 601.0006 12.27132 -14.28755 601.0006 12.44745 -15.67673 601.0006 12.22916 -15.56716 601.0006 12.12438 -15.50435 601.0006 12.02287 -15.4364 601.0006 11.92486 -15.36347 601.0006 11.83062 -15.28575 601.0006 11.74036 -15.20342 601.0006 11.65432 -15.1167 601.0006 11.57271 -15.0258 601.0006 11.49573 -14.93094 601.0006 11.42358 -14.83237 601.0006 11.35643 -14.73032 601.0006 11.29445 -14.62505 601.0006 11.2378 -14.51682 601.0006 11.18661 -14.4059 601.0006 11.14101 -14.29257 601.0006 11.10112 -14.17711 601.0006 11.06703 -14.0598 601.0006 11.03883 -13.94094 601.0006 11.01659 -13.82082 601.0006 11.00037 -13.69974 601.0006 12.91123 -15.82816 601.0006 13.59198 -14.86995 601.0006 13.03117 -15.85135 601.0006 12.7926 -15.79903 601.0006 12.67556 -15.76402 601.0006 12.56042 -15.72322 601.0006 14.35052 -15.70796 601.0006 14.46268 -15.65955 601.0006 14.23609 -15.75072 601.0006 14.11967 -15.78772 601.0006 14.00155 -15.81887 601.0006 13.88202 -15.84409 601.0006 13.76138 -15.86333 601.0006 13.63994 -15.87653 601.0006 13.51799 -15.88366 601.0006 13.39583 -15.8847 601.0006 13.27377 -15.87965 601.0006 13.15212 -15.86852 601.0006 14.57229 -15.60561 601.0006 14.67907 -15.54627 601.0006 14.78276 -15.48169 601.0006 14.88311 -15.41201 601.0006 10.9902 -13.57801 601.0006 12.11537 -12.85262 601.0006 10.98612 -13.45591 601.0006 10.98812 -13.33377 601.0006 10.99621 -13.21188 601.0006 11.01037 -13.09054 601.0006 11.03056 -12.97006 601.0006 11.05672 -12.85073 601.0006 11.0888 -12.73286 601.0006 11.12672 -12.61674 601.0006 11.17038 -12.50264 601.0006 11.21967 -12.39087 601.0006 11.27447 -12.28169 601.0006 11.33465 -12.17538 601.0006 11.40005 -12.0722 601.0006 11.47052 -11.97241 601.0006 11.54586 -11.87625 601.0006 11.62591 -11.78398 601.0006 11.71046 -11.6958 601.0006 14.75669 -14.01743 601.0006 15.472 -14.79786 601.0006 15.5374 -14.69468 601.0006 15.40154 -14.89765 601.0006 15.32619 -14.9938 601.0006 15.24615 -15.08608 601.0006 15.1616 -15.17426 601.0006 15.07276 -15.25811 601.0006 14.97985 -15.33742 601.0006 11.7993 -11.61195 601.0006 15.59758 -14.58837 601.0006 11.89221 -11.53263 601.0006 15.65238 -14.47919 601.0006 11.98895 -11.45804 601.0006 15.70168 -14.36742 601.0006 15.74533 -14.25332 601.0006 15.78325 -14.1372 601.0006 12.0893 -11.38837 601.0006 13.28008 -12.0001 601.0006 12.19299 -11.32379 601.0006 12.29977 -11.26445 601.0006 15.81534 -14.01932 601.0006 12.40937 -11.21051 601.0006 15.8415 -13.9 601.0006 12.52153 -11.1621 601.0006 15.86169 -13.77952 601.0006 12.63597 -11.11934 601.0006 15.87584 -13.65818 601.0006 12.75239 -11.08234 601.0006 15.88393 -13.53629 601.0006 12.87051 -11.05119 601.0006 15.88594 -13.41414 601.0006 12.99004 -11.02596 601.0006 15.88185 -13.29205 601.0006 13.11067 -11.00673 601.0006 14.60074 -12.58251 601.0006 15.87169 -13.17032 601.0006 13.23212 -10.99353 601.0006 15.85546 -13.04924 601.0006 13.35407 -10.9864 601.0006 15.83323 -12.92912 601.0006 13.47623 -10.98536 601.0006 15.80503 -12.81026 601.0006 13.59828 -10.99041 601.0006 15.77094 -12.69295 601.0006 13.71994 -11.00153 601.0006 15.73105 -12.57748 601.0006 13.84088 -11.01871 601.0006 15.68545 -12.46415 601.0006 13.96082 -11.04189 601.0006 15.63426 -12.35324 601.0006 14.07946 -11.07103 601.0006 15.57761 -12.24501 601.0006 14.19649 -11.10604 601.0006 15.51562 -12.13974 601.0006 14.31164 -11.14684 601.0006 15.44848 -12.03769 601.0006 14.42461 -11.19333 601.0006 15.37632 -11.93911 601.0006 14.53512 -11.24539 601.0006 15.29934 -11.84426 601.0006 14.6429 -11.3029 601.0006 15.21774 -11.75336 601.0006 14.74767 -11.36571 601.0006 15.13169 -11.66664 601.0006 14.84919 -11.43366 601.0006 15.04144 -11.58431 601.0006 14.94719 -11.50659 601.0006 12.45568 -14.11573 612.0006 12.49083 -14.16375 612.0006 12.52833 -14.20996 612.0006 13.06557 -14.56958 612.0006 12.90061 -14.50169 612.0006 12.95445 -14.52706 612.0006 13.00948 -14.5497 612.0006 12.31803 -13.85278 612.0006 12.34024 -13.90798 612.0006 12.36518 -13.96202 612.0006 12.39278 -14.01474 612.0006 12.42297 -14.06602 612.0006 13.29772 -14.62049 612.0006 13.18038 -14.60083 612.0006 13.23881 -14.61212 612.0006 13.35699 -14.62591 612.0006 13.47595 -14.62786 612.0006 13.41645 -14.62837 612.0006 13.76906 -14.58112 612.0006 13.59452 -14.61796 612.0006 13.65329 -14.60859 612.0006 13.71152 -14.5963 612.0006 12.25439 -13.26721 612.0006 12.24749 -13.32632 612.0006 12.24355 -13.3857 612.0006 13.93615 -14.51869 612.0006 13.82577 -14.5631 612.0006 13.88152 -14.54227 612.0006 12.29259 -13.09297 612.0006 12.27697 -13.15039 612.0006 12.26422 -13.20852 612.0006 14.04157 -14.46351 612.0006 13.98955 -14.49241 612.0006 14.09208 -14.43204 612.0006 12.33234 -12.98082 612.0006 12.31107 -13.0364 612.0006 12.38304 -12.87319 612.0006 12.35635 -12.92637 612.0006 12.44422 -12.77114 612.0006 12.41236 -12.8214 612.0006 14.31781 -14.23933 612.0006 14.14096 -14.3981 612.0006 14.18809 -14.36177 612.0006 14.23335 -14.32313 612.0006 14.27663 -14.28228 612.0006 12.51525 -12.67568 612.0006 12.47854 -12.72252 612.0006 14.39351 -14.14753 612.0006 14.35681 -14.19437 612.0006 12.59543 -12.58778 612.0006 12.55424 -12.63073 612.0006 12.24257 -13.4452 612.0006 14.4597 -14.04866 612.0006 14.42784 -14.09892 612.0006 14.48901 -13.99687 612.0006 14.51571 -13.94368 612.0006 14.53972 -13.88923 612.0006 12.77998 -12.43801 612.0006 12.7311 -12.47196 612.0006 12.68397 -12.50829 612.0006 12.63871 -12.54693 612.0006 12.24456 -13.50468 612.0006 12.24952 -13.56398 612.0006 12.25742 -13.62296 612.0006 12.26825 -13.68148 612.0006 12.28199 -13.73938 612.0006 12.29859 -13.79653 612.0006 12.56808 -14.25424 612.0006 12.61 -14.29649 612.0006 12.65396 -14.33659 612.0006 12.69987 -14.37445 612.0006 12.74762 -14.40998 612.0006 12.79707 -14.44308 612.0006 14.56099 -13.83365 612.0006 12.88251 -12.37765 612.0006 12.83049 -12.40655 612.0006 14.60784 -13.66153 612.0006 14.57946 -13.77708 612.0006 14.59509 -13.71966 612.0006 14.61767 -13.60284 612.0006 13.103 -12.28893 612.0006 13.04628 -12.30696 612.0006 12.99054 -12.32779 612.0006 12.9359 -12.35137 612.0006 13.16054 -12.27376 612.0006 14.62948 -13.42486 612.0006 14.62457 -13.54374 612.0006 14.62851 -13.48436 612.0006 13.3961 -12.2422 612.0006 13.3367 -12.24567 612.0006 13.27754 -12.2521 612.0006 13.21877 -12.26147 612.0006 14.60381 -13.18858 612.0006 14.62254 -13.30608 612.0006 14.61464 -13.24709 612.0006 14.59007 -13.13068 612.0006 14.62749 -13.36538 612.0006 13.57433 -12.24957 612.0006 13.51507 -12.24415 612.0006 13.45561 -12.24169 612.0006 14.55403 -13.01728 612.0006 14.57346 -13.07353 612.0006 14.53182 -12.96207 612.0006 13.69168 -12.26923 612.0006 13.63325 -12.25794 612.0006 13.74947 -12.28342 612.0006 14.41638 -12.75432 612.0006 14.50688 -12.90804 612.0006 14.47928 -12.85532 612.0006 14.44909 -12.80404 612.0006 14.38123 -12.7063 612.0006 14.34373 -12.6601 612.0006 14.02395 -12.39638 612.0006 13.97144 -12.36836 612.0006 13.91761 -12.343 612.0006 13.86258 -12.32035 612.0006 13.80649 -12.30048 612.0006 14.30397 -12.61581 612.0006 14.07499 -12.42697 612.0006 14.12444 -12.46008 612.0006 14.21809 -12.53347 612.0006 14.26206 -12.57357 612.0006 14.17218 -12.4956 612.0006 12.84811 -14.47368 612.0006 13.12259 -14.58663 612.0006 13.53536 -14.62439 612.0006 13.28008 -12.0001 602.3005 12.11537 -12.85262 602.3005 12.27132 -14.28755 602.3005 13.59198 -14.86995 602.3005 14.75669 -14.01743 602.3005 14.60074 -12.58251 602.3005 -11.93658 13.52257 604.0006 -11.94281 13.5971 604.0006 -11.94281 13.5971 611.694 -11.93658 13.52257 611.694 -11.93408 13.44782 604.0006 -11.93408 13.44782 611.694 -11.93531 13.37303 604.0006 -11.93531 13.37303 611.694 -11.94026 13.2984 604.0006 -11.94026 13.2984 611.694 -11.94893 13.22412 604.0006 -11.94893 13.22412 611.694 -11.96129 13.15035 604.0006 -11.96129 13.15035 611.694 -11.97731 13.0773 604.0006 -11.97731 13.0773 611.694 -11.99695 13.00513 604.0006 -11.99695 13.00513 611.694 -12.02017 12.93403 604.0006 -12.02017 12.93403 611.694 -12.0469 12.86418 604.0006 -12.0469 12.86418 611.694 -12.07708 12.79575 604.0006 -12.07708 12.79575 611.694 -12.11063 12.7289 604.0006 -12.11063 12.7289 611.694 -12.14747 12.66382 604.0006 -12.14747 12.66382 611.694 -12.18751 12.60064 604.0006 -12.18751 12.60064 611.694 -12.23065 12.53955 604.0006 -12.23065 12.53955 611.694 -12.27678 12.48068 604.0006 -12.27678 12.48068 611.694 -12.32579 12.42418 604.0006 -12.32579 12.42418 611.694 -12.37756 12.3702 604.0006 -12.37756 12.3702 611.694 -12.43195 12.31886 604.0006 -12.43195 12.31886 611.694 -12.48883 12.2703 604.0006 -12.48883 12.2703 611.694 -12.54806 12.22463 604.0006 -12.54806 12.22463 611.694 -12.6095 12.18197 604.0006 -12.6095 12.18197 611.694 -12.67298 12.14243 604.0006 -12.67298 12.14243 611.694 -12.73836 12.1061 604.0006 -12.73836 12.1061 611.694 -12.80547 12.07308 604.0006 -12.80547 12.07308 611.694 -12.87413 12.04344 604.0006 -12.87413 12.04344 611.694 -12.9442 12.01726 604.0006 -12.9442 12.01726 611.694 -13.01547 11.99461 604.0006 -13.01547 11.99461 611.694 -13.08779 11.97554 604.0006 -13.08779 11.97554 611.694 -13.16097 11.96009 604.0006 -13.16097 11.96009 611.694 -13.23483 11.94831 604.0006 -13.23483 11.94831 611.694 -13.30919 11.94023 604.0006 -13.30919 11.94023 611.694 -13.38385 11.93587 604.0006 -13.38385 11.93587 611.694 -13.45864 11.93523 604.0006 -13.45864 11.93523 611.694 -13.53337 11.93832 604.0006 -13.53337 11.93832 611.694 -13.60785 11.94513 604.0006 -13.60785 11.94513 611.694 -13.6819 11.95565 604.0006 -13.6819 11.95565 611.694 -13.75533 11.96984 604.0006 -13.75533 11.96984 611.694 -13.82797 11.98768 604.0006 -13.82797 11.98768 611.694 -13.89962 12.00912 604.0006 -13.89962 12.00912 611.694 -13.97012 12.0341 604.0006 -13.97012 12.0341 611.694 -14.03928 12.06256 604.0006 -14.03928 12.06256 611.694 -14.10694 12.09444 604.0006 -14.10694 12.09444 611.694 -14.17293 12.12964 604.0006 -14.17293 12.12964 611.694 -14.23708 12.1681 604.0006 -14.23708 12.1681 611.694 -14.29923 12.2097 604.0006 -14.29923 12.2097 611.694 -14.35923 12.25435 604.0006 -14.35923 12.25435 611.694 -14.41693 12.30194 604.0006 -14.41693 12.30194 611.694 -14.47219 12.35234 604.0006 -14.47219 12.35234 611.694 -14.52487 12.40543 604.0006 -14.52487 12.40543 611.694 -14.57483 12.46109 604.0006 -14.57483 12.46109 611.694 -14.62196 12.51916 604.0006 -14.62196 12.51916 611.694 -14.66614 12.57951 604.0006 -14.66614 12.57951 611.694 -14.70725 12.64199 604.0006 -14.70725 12.64199 611.694 -14.7452 12.70644 604.0006 -14.7452 12.70644 611.694 -14.77988 12.77271 604.0006 -14.77988 12.77271 611.694 -14.81123 12.84062 604.0006 -14.81123 12.84062 611.694 -14.83914 12.91 611.694 -14.83914 12.91 604.0006 -14.86357 12.98069 604.0006 -14.86357 12.98069 611.694 -14.88444 13.05251 604.0006 -14.88444 13.05251 611.694 -14.9017 13.12529 604.0006 -14.9017 13.12529 611.694 -14.91531 13.19883 604.0006 -14.91531 13.19883 611.694 -14.92525 13.27296 604.0006 -14.92525 13.27296 611.694 -14.93147 13.34749 604.0006 -14.93147 13.34749 611.694 -14.93397 13.42224 611.694 -14.93397 13.42224 604.0006 -14.93275 13.49702 604.0006 -14.93275 13.49702 611.694 -14.92779 13.57165 604.0006 -14.92779 13.57165 611.694 -14.91913 13.64594 611.694 -14.91913 13.64594 604.0006 -14.90677 13.7197 604.0006 -14.90677 13.7197 611.694 -14.89075 13.79276 604.0006 -14.89075 13.79276 611.694 -14.8711 13.86493 604.0006 -14.8711 13.86493 611.694 -14.84789 13.93602 604.0006 -14.84789 13.93602 611.694 -14.82116 14.00588 604.0006 -14.82116 14.00588 611.694 -14.79098 14.07431 604.0006 -14.79098 14.07431 611.694 -14.75743 14.14115 611.694 -14.75743 14.14115 604.0006 -14.72059 14.20624 604.0006 -14.72059 14.20624 611.694 -14.68054 14.26941 604.0006 -14.68054 14.26941 611.694 -14.6374 14.33051 604.0006 -14.6374 14.33051 611.694 -14.59127 14.38938 604.0006 -14.59127 14.38938 611.694 -14.54226 14.44588 604.0006 -14.54226 14.44588 611.694 -14.4905 14.49986 604.0006 -14.4905 14.49986 611.694 -14.43611 14.5512 604.0006 -14.43611 14.5512 611.694 -14.37923 14.59976 604.0006 -14.37923 14.59976 611.694 -14.31999 14.64543 604.0006 -14.31999 14.64543 611.694 -14.25856 14.68808 604.0006 -14.25856 14.68808 611.694 -14.19507 14.72763 604.0006 -14.19507 14.72763 611.694 -14.1297 14.76395 604.0006 -14.1297 14.76395 611.694 -14.06259 14.79698 604.0006 -14.06259 14.79698 611.694 -13.99392 14.82662 604.0006 -13.99392 14.82662 611.694 -13.92386 14.8528 611.694 -13.92386 14.8528 604.0006 -13.85258 14.87545 604.0006 -13.85258 14.87545 611.694 -13.78026 14.89452 604.0006 -13.78026 14.89452 611.694 -13.70708 14.90997 604.0006 -13.70708 14.90997 611.694 -13.63322 14.92174 604.0006 -13.63322 14.92174 611.694 -13.55887 14.92982 604.0006 -13.55887 14.92982 611.694 -13.48421 14.93419 604.0006 -13.48421 14.93419 611.694 -13.40942 14.93483 604.0006 -13.40942 14.93483 611.694 -13.33469 14.93174 611.694 -13.33469 14.93174 604.0006 -13.26021 14.92492 604.0006 -13.26021 14.92492 611.694 -13.18616 14.91441 604.0006 -13.18616 14.91441 611.694 -13.11273 14.90021 604.0006 -13.11273 14.90021 611.694 -13.04009 14.88238 604.0006 -13.04009 14.88238 611.694 -12.96844 14.86094 604.0006 -12.96844 14.86094 611.694 -12.89794 14.83596 604.0006 -12.89794 14.83596 611.694 -12.82878 14.8075 611.694 -12.82878 14.8075 604.0006 -12.76112 14.77562 604.0006 -12.76112 14.77562 611.694 -12.69513 14.74041 604.0006 -12.69513 14.74041 611.694 -12.63098 14.70196 604.0006 -12.63098 14.70196 611.694 -12.56883 14.66036 604.0006 -12.56883 14.66036 611.694 -12.50883 14.61571 604.0006 -12.50883 14.61571 611.694 -12.45112 14.56812 604.0006 -12.45112 14.56812 611.694 -12.39587 14.51772 604.0006 -12.39587 14.51772 611.694 -12.34319 14.46462 604.0006 -12.34319 14.46462 611.694 -12.29322 14.40897 604.0006 -12.29322 14.40897 611.694 -12.24609 14.35089 604.0006 -12.24609 14.35089 611.694 -12.20192 14.29054 604.0006 -12.20192 14.29054 611.694 -12.16081 14.22806 604.0006 -12.16081 14.22806 611.694 -12.12286 14.16361 611.694 -12.12286 14.16361 604.0006 -12.08817 14.09735 604.0006 -12.08817 14.09735 611.694 -12.05683 14.02944 611.694 -12.05683 14.02944 604.0006 -12.02891 13.96006 611.694 -12.02891 13.96006 604.0006 -12.00449 13.88936 604.0006 -12.00449 13.88936 611.694 -11.98362 13.81754 604.0006 -11.98362 13.81754 611.694 -11.96636 13.74477 604.0006 -11.96636 13.74477 611.694 -11.95274 13.67123 604.0006 -11.95274 13.67123 611.694 -10.70013 13.73216 601.3005 -10.70013 13.73216 604.0006 -10.68872 13.59551 604.0006 -10.68872 13.59551 601.3005 -10.68413 13.45847 604.0006 -10.68413 13.45847 601.3005 -10.68638 13.32137 604.0006 -10.68638 13.32137 601.3005 -10.69546 13.18455 604.0006 -10.69546 13.18455 601.3005 -10.71135 13.04836 604.0006 -10.71135 13.04836 601.3005 -10.73401 12.91312 604.0006 -10.73401 12.91312 601.3005 -10.76338 12.77919 604.0006 -10.76338 12.77919 601.3005 -10.79939 12.64688 604.0006 -10.79939 12.64688 601.3005 -10.84195 12.51654 604.0006 -10.84195 12.51654 601.3005 -10.89096 12.38847 604.0006 -10.89096 12.38847 601.3005 -10.94628 12.26301 604.0006 -10.94628 12.26301 601.3005 -11.0078 12.14047 604.0006 -11.0078 12.14047 601.3005 -11.07534 12.02114 604.0006 -11.07534 12.02114 601.3005 -11.14875 11.90532 604.0006 -11.14875 11.90532 601.3005 -11.22784 11.79331 604.0006 -11.22784 11.79331 601.3005 -11.31241 11.68538 604.0006 -11.31241 11.68538 601.3005 -11.40226 11.58181 604.0006 -11.40226 11.58181 601.3005 -11.49717 11.48283 604.0006 -11.49717 11.48283 601.3005 -11.59688 11.38872 604.0006 -11.59688 11.38872 601.3005 -11.70117 11.29969 604.0006 -11.70117 11.29969 601.3005 -11.80976 11.21596 604.0006 -11.80976 11.21596 601.3005 -11.92239 11.13776 604.0006 -11.92239 11.13776 601.3005 -12.03878 11.06527 604.0006 -12.03878 11.06527 601.3005 -12.15863 10.99866 604.0006 -12.15863 10.99866 601.3005 -12.28166 10.93812 604.0006 -12.28166 10.93812 601.3005 -12.40756 10.88378 604.0006 -12.40756 10.88378 601.3005 -12.536 10.83579 604.0006 -12.536 10.83579 601.3005 -12.66668 10.79426 604.0006 -12.66668 10.79426 601.3005 -12.79926 10.75929 604.0006 -12.79926 10.75929 601.3005 -12.93343 10.73098 604.0006 -12.93343 10.73098 601.3005 -13.06884 10.70938 604.0006 -13.06884 10.70938 601.3005 -13.20515 10.69457 604.0006 -13.20515 10.69457 601.3005 -13.34204 10.68657 604.0006 -13.34204 10.68657 601.3005 -13.47915 10.6854 604.0006 -13.47915 10.6854 601.3005 -13.61615 10.69107 604.0006 -13.61615 10.69107 601.3005 -13.7527 10.70355 604.0006 -13.7527 10.70355 601.3005 -13.88846 10.72284 604.0006 -13.88846 10.72284 601.3005 -14.02308 10.74886 604.0006 -14.02308 10.74886 601.3005 -14.15625 10.78156 604.0006 -14.15625 10.78156 601.3005 -14.28761 10.82086 604.0006 -14.28761 10.82086 601.3005 -14.41686 10.86665 604.0006 -14.41686 10.86665 601.3005 -14.54366 10.91884 604.0006 -14.54366 10.91884 601.3005 -14.6677 10.97728 604.0006 -14.6677 10.97728 601.3005 -14.78868 11.04182 604.0006 -14.78868 11.04182 601.3005 -14.90628 11.11232 604.0006 -14.90628 11.11232 601.3005 -15.02023 11.1886 604.0006 -15.02023 11.1886 601.3005 -15.13024 11.27046 604.0006 -15.13024 11.27046 601.3005 -15.23602 11.35769 604.0006 -15.23602 11.35769 601.3005 -15.33733 11.4501 604.0006 -15.33733 11.4501 601.3005 -15.4339 11.54744 604.0006 -15.4339 11.54744 601.3005 -15.52551 11.64947 604.0006 -15.52551 11.64947 601.3005 -15.61191 11.75594 604.0006 -15.61191 11.75594 601.3005 -15.6929 11.86659 604.0006 -15.6929 11.86659 601.3005 -15.76827 11.98113 604.0006 -15.76827 11.98113 601.3005 -15.83784 12.09929 604.0006 -15.83784 12.09929 601.3005 -15.90143 12.22077 604.0006 -15.90143 12.22077 601.3005 -15.95889 12.34527 604.0006 -15.95889 12.34527 601.3005 -16.01007 12.47248 604.0006 -16.01007 12.47248 601.3005 -16.05485 12.60208 604.0006 -16.05485 12.60208 601.3005 -16.09311 12.73375 604.0006 -16.09311 12.73375 601.3005 -16.12476 12.86717 604.0006 -16.12476 12.86717 601.3005 -16.14972 13.002 604.0006 -16.14972 13.002 601.3005 -16.16793 13.1379 604.0006 -16.16793 13.1379 601.3005 -16.17934 13.27454 601.3005 -16.17934 13.27454 604.0006 -16.18393 13.41159 601.3005 -16.18393 13.41159 604.0006 -16.18168 13.54869 601.3005 -16.18168 13.54869 604.0006 -16.1726 13.6855 601.3005 -16.1726 13.6855 604.0006 -16.15671 13.8217 601.3005 -16.15671 13.8217 604.0006 -16.13405 13.95693 601.3005 -16.13405 13.95693 604.0006 -16.10468 14.09087 601.3005 -16.10468 14.09087 604.0006 -16.06867 14.22318 601.3005 -16.06867 14.22318 604.0006 -16.02611 14.35352 601.3005 -16.02611 14.35352 604.0006 -15.9771 14.48158 601.3005 -15.9771 14.48158 604.0006 -15.92177 14.60704 601.3005 -15.92177 14.60704 604.0006 -15.86026 14.72959 601.3005 -15.86026 14.72959 604.0006 -15.79272 14.84892 601.3005 -15.79272 14.84892 604.0006 -15.71931 14.96473 601.3005 -15.71931 14.96473 604.0006 -15.64022 15.07674 601.3005 -15.64022 15.07674 604.0006 -15.55564 15.18467 601.3005 -15.55564 15.18467 604.0006 -15.46579 15.28825 601.3005 -15.46579 15.28825 604.0006 -15.37089 15.38722 601.3005 -15.37089 15.38722 604.0006 -15.27118 15.48134 601.3005 -15.27118 15.48134 604.0006 -15.16689 15.57037 601.3005 -15.16689 15.57037 604.0006 -15.0583 15.65409 601.3005 -15.0583 15.65409 604.0006 -14.94567 15.7323 601.3005 -14.94567 15.7323 604.0006 -14.82928 15.80479 601.3005 -14.82928 15.80479 604.0006 -14.70942 15.87139 601.3005 -14.70942 15.87139 604.0006 -14.5864 15.93194 601.3005 -14.5864 15.93194 604.0006 -14.4605 15.98627 601.3005 -14.4605 15.98627 604.0006 -14.33206 16.03427 601.3005 -14.33206 16.03427 604.0006 -14.20138 16.0758 601.3005 -14.20138 16.0758 604.0006 -14.06879 16.11077 601.3005 -14.06879 16.11077 604.0006 -13.93463 16.13908 601.3005 -13.93463 16.13908 604.0006 -13.79922 16.16067 601.3005 -13.79922 16.16067 604.0006 -13.66291 16.17549 601.3005 -13.66291 16.17549 604.0006 -13.52602 16.18349 601.3005 -13.52602 16.18349 604.0006 -13.38891 16.18466 601.3005 -13.38891 16.18466 604.0006 -13.25191 16.17899 601.3005 -13.25191 16.17899 604.0006 -13.11536 16.1665 601.3005 -13.11536 16.1665 604.0006 -12.9796 16.14722 601.3005 -12.9796 16.14722 604.0006 -12.84497 16.1212 601.3005 -12.84497 16.1212 604.0006 -12.71181 16.0885 601.3005 -12.71181 16.0885 604.0006 -12.58044 16.0492 601.3005 -12.58044 16.0492 604.0006 -12.4512 16.0034 601.3005 -12.4512 16.0034 604.0006 -12.3244 15.95122 601.3005 -12.3244 15.95122 604.0006 -12.20036 15.89278 601.3005 -12.20036 15.89278 604.0006 -12.07938 15.82823 601.3005 -12.07938 15.82823 604.0006 -11.96177 15.75773 601.3005 -11.96177 15.75773 604.0006 -11.84783 15.68146 601.3005 -11.84783 15.68146 604.0006 -11.73782 15.5996 601.3005 -11.73782 15.5996 604.0006 -11.63204 15.51236 601.3005 -11.63204 15.51236 604.0006 -11.53073 15.41996 601.3005 -11.53073 15.41996 604.0006 -11.43415 15.32262 601.3005 -11.43415 15.32262 604.0006 -11.34255 15.22059 601.3005 -11.34255 15.22059 604.0006 -11.25615 15.11412 601.3005 -11.25615 15.11412 604.0006 -11.17516 15.00347 601.3005 -11.17516 15.00347 604.0006 -11.09979 14.88893 601.3005 -11.09979 14.88893 604.0006 -11.03022 14.77077 601.3005 -11.03022 14.77077 604.0006 -10.96662 14.64929 601.3005 -10.96662 14.64929 604.0006 -10.90917 14.52479 601.3005 -10.90917 14.52479 604.0006 -10.85799 14.39758 601.3005 -10.85799 14.39758 604.0006 -10.81321 14.26798 601.3005 -10.81321 14.26798 604.0006 -10.77495 14.1363 601.3005 -10.77495 14.1363 604.0006 -10.7433 14.00289 601.3005 -10.7433 14.00289 604.0006 -10.71834 13.86806 601.3005 -10.71834 13.86806 604.0006 -14.53312 11.24539 601.0006 -14.59873 12.58251 601.0006 -14.42261 11.19333 601.0006 -14.6409 11.3029 601.0006 -14.74567 11.36571 601.0006 -14.84719 11.43366 601.0006 -14.94519 11.50659 601.0006 -15.03944 11.58431 601.0006 -15.1297 11.66664 601.0006 -15.21573 11.75336 601.0006 -15.29734 11.84426 601.0006 -15.37432 11.93911 601.0006 -15.44647 12.03769 601.0006 -15.51362 12.13974 601.0006 -15.57561 12.24501 601.0006 -15.63226 12.35324 601.0006 -15.68345 12.46415 601.0006 -15.72905 12.57748 601.0006 -15.76894 12.69295 601.0006 -15.80303 12.81026 601.0006 -15.83123 12.92912 601.0006 -15.85346 13.04924 601.0006 -15.86969 13.17032 601.0006 -13.95882 11.04189 601.0006 -13.27808 12.0001 601.0006 -13.83888 11.01871 601.0006 -14.07746 11.07103 601.0006 -14.1945 11.10604 601.0006 -14.30964 11.14684 601.0006 -12.51953 11.1621 601.0006 -12.40738 11.21051 601.0006 -12.63397 11.11934 601.0006 -12.75039 11.08234 601.0006 -12.86851 11.05119 601.0006 -12.98804 11.02596 601.0006 -13.10867 11.00673 601.0006 -13.23012 10.99353 601.0006 -13.35207 10.9864 601.0006 -13.47423 10.98536 601.0006 -13.59629 10.99041 601.0006 -13.71794 11.00153 601.0006 -12.29777 11.26445 601.0006 -12.19099 11.32379 601.0006 -12.08729 11.38837 601.0006 -11.98695 11.45804 601.0006 -15.87985 13.29205 601.0006 -14.75469 14.01743 601.0006 -15.88394 13.41414 601.0006 -15.88193 13.53629 601.0006 -15.87384 13.65818 601.0006 -15.85969 13.77952 601.0006 -15.8395 13.9 601.0006 -15.81334 14.01932 601.0006 -15.78125 14.1372 601.0006 -15.74333 14.25332 601.0006 -15.69968 14.36742 601.0006 -15.65038 14.47919 601.0006 -15.59558 14.58837 601.0006 -15.5354 14.69468 601.0006 -15.47 14.79786 601.0006 -15.39954 14.89765 601.0006 -15.32419 14.9938 601.0006 -15.24415 15.08608 601.0006 -15.1596 15.17426 601.0006 -12.11337 12.85262 601.0006 -11.39805 12.0722 601.0006 -11.33265 12.17538 601.0006 -11.46851 11.97241 601.0006 -11.54386 11.87625 601.0006 -11.62391 11.78398 601.0006 -11.70846 11.6958 601.0006 -11.7973 11.61195 601.0006 -11.89021 11.53263 601.0006 -15.07076 15.25811 601.0006 -11.27248 12.28169 601.0006 -14.97785 15.33742 601.0006 -11.21767 12.39087 601.0006 -14.88111 15.41201 601.0006 -11.16838 12.50264 601.0006 -11.12472 12.61674 601.0006 -11.0868 12.73286 601.0006 -14.78076 15.48169 601.0006 -13.58998 14.86995 601.0006 -14.67707 15.54627 601.0006 -14.57029 15.60561 601.0006 -11.05472 12.85073 601.0006 -14.46068 15.65955 601.0006 -11.02856 12.97006 601.0006 -14.34852 15.70796 601.0006 -11.00837 13.09054 601.0006 -14.23409 15.75072 601.0006 -10.99421 13.21188 601.0006 -14.11767 15.78772 601.0006 -10.98612 13.33377 601.0006 -13.99954 15.81887 601.0006 -10.98412 13.45591 601.0006 -13.88002 15.84409 601.0006 -10.9882 13.57801 601.0006 -13.75938 15.86333 601.0006 -12.26932 14.28755 601.0006 -10.99837 13.69974 601.0006 -13.63794 15.87653 601.0006 -11.01459 13.82082 601.0006 -13.51599 15.88366 601.0006 -11.03683 13.94094 601.0006 -13.39383 15.8847 601.0006 -11.06503 14.0598 601.0006 -13.27177 15.87965 601.0006 -11.09912 14.17711 601.0006 -13.15012 15.86852 601.0006 -11.13901 14.29257 601.0006 -13.02917 15.85135 601.0006 -11.18461 14.4059 601.0006 -12.90923 15.82816 601.0006 -11.2358 14.51682 601.0006 -12.7906 15.79903 601.0006 -11.29245 14.62505 601.0006 -12.67356 15.76402 601.0006 -11.35443 14.73032 601.0006 -12.55842 15.72322 601.0006 -11.42158 14.83237 601.0006 -12.44545 15.67673 601.0006 -11.49374 14.93094 601.0006 -12.33494 15.62466 601.0006 -11.57071 15.0258 601.0006 -12.22716 15.56716 601.0006 -11.65232 15.1167 601.0006 -12.12238 15.50435 601.0006 -11.73836 15.20342 601.0006 -12.02087 15.4364 601.0006 -11.82861 15.28575 601.0006 -11.92286 15.36347 601.0006 -14.41438 12.75432 612.0006 -14.37923 12.7063 612.0006 -14.34173 12.6601 612.0006 -13.80448 12.30048 612.0006 -13.96944 12.36836 612.0006 -13.91561 12.343 612.0006 -13.86058 12.32035 612.0006 -14.55203 13.01728 612.0006 -14.52982 12.96207 612.0006 -14.50488 12.90804 612.0006 -14.47728 12.85532 612.0006 -14.44709 12.80404 612.0006 -13.57233 12.24957 612.0006 -13.68968 12.26923 612.0006 -13.63125 12.25794 612.0006 -13.51307 12.24415 612.0006 -13.3941 12.2422 612.0006 -13.45361 12.24169 612.0006 -13.101 12.28893 612.0006 -13.27553 12.2521 612.0006 -13.21677 12.26147 612.0006 -13.15854 12.27376 612.0006 -14.61567 13.60284 612.0006 -14.62257 13.54374 612.0006 -14.62651 13.48436 612.0006 -12.9339 12.35137 612.0006 -13.04429 12.30696 612.0006 -12.98854 12.32779 612.0006 -14.57746 13.77708 612.0006 -14.59309 13.71966 612.0006 -14.60584 13.66153 612.0006 -12.82849 12.40655 612.0006 -12.88051 12.37765 612.0006 -12.77798 12.43801 612.0006 -14.53772 13.88923 612.0006 -14.55899 13.83365 612.0006 -14.48701 13.99687 612.0006 -14.51371 13.94368 612.0006 -14.42584 14.09892 612.0006 -14.4577 14.04866 612.0006 -12.55224 12.63073 612.0006 -12.7291 12.47196 612.0006 -12.68197 12.50829 612.0006 -12.63671 12.54693 612.0006 -12.59343 12.58778 612.0006 -14.35481 14.19437 612.0006 -14.39151 14.14753 612.0006 -12.47654 12.72252 612.0006 -12.51325 12.67568 612.0006 -14.27463 14.28228 612.0006 -14.31581 14.23933 612.0006 -14.62749 13.42486 612.0006 -12.41036 12.8214 612.0006 -12.44222 12.77114 612.0006 -12.38104 12.87319 612.0006 -12.35435 12.92637 612.0006 -12.33033 12.98082 612.0006 -14.09008 14.43204 612.0006 -14.13896 14.3981 612.0006 -14.18609 14.36177 612.0006 -14.23135 14.32313 612.0006 -14.62549 13.36538 612.0006 -14.62054 13.30608 612.0006 -14.61264 13.24709 612.0006 -14.60181 13.18858 612.0006 -14.58807 13.13068 612.0006 -14.57146 13.07353 612.0006 -14.30197 12.61581 612.0006 -14.26006 12.57357 612.0006 -14.21609 12.53347 612.0006 -14.17018 12.4956 612.0006 -14.12244 12.46008 612.0006 -14.07299 12.42697 612.0006 -12.30907 13.0364 612.0006 -13.98755 14.49241 612.0006 -14.03957 14.46351 612.0006 -12.26222 13.20852 612.0006 -12.29059 13.09297 612.0006 -12.27497 13.15039 612.0006 -12.25239 13.26721 612.0006 -13.76706 14.58112 612.0006 -13.82377 14.5631 612.0006 -13.87952 14.54227 612.0006 -13.93416 14.51869 612.0006 -13.70952 14.5963 612.0006 -12.24057 13.4452 612.0006 -12.24549 13.32632 612.0006 -12.24155 13.3857 612.0006 -13.47395 14.62786 612.0006 -13.53336 14.62439 612.0006 -13.59252 14.61796 612.0006 -13.65129 14.60859 612.0006 -12.26625 13.68148 612.0006 -12.24752 13.56398 612.0006 -12.25542 13.62296 612.0006 -12.27999 13.73938 612.0006 -12.24256 13.50468 612.0006 -13.29572 14.62049 612.0006 -13.35499 14.62591 612.0006 -13.41445 14.62837 612.0006 -12.31603 13.85278 612.0006 -12.29659 13.79653 612.0006 -12.33824 13.90798 612.0006 -13.17838 14.60083 612.0006 -13.23681 14.61212 612.0006 -13.12059 14.58663 612.0006 -12.45368 14.11573 612.0006 -12.36318 13.96202 612.0006 -12.39077 14.01474 612.0006 -12.42097 14.06602 612.0006 -12.48883 14.16375 612.0006 -12.52633 14.20996 612.0006 -12.84611 14.47368 612.0006 -12.89861 14.50169 612.0006 -12.95245 14.52706 612.0006 -13.00748 14.5497 612.0006 -13.06357 14.56958 612.0006 -12.56608 14.25424 612.0006 -12.79507 14.44308 612.0006 -12.74562 14.40998 612.0006 -12.65196 14.33659 612.0006 -12.608 14.29649 612.0006 -12.69787 14.37445 612.0006 -14.02195 12.39638 612.0006 -13.74747 12.28342 612.0006 -13.3347 12.24567 612.0006 -13.58998 14.86995 602.3005 -14.75469 14.01743 602.3005 -14.59873 12.58251 602.3005 -13.27808 12.0001 602.3005 -12.11337 12.85262 602.3005 -12.26932 14.28755 602.3005 14.92725 13.5971 604.0006 14.92725 13.5971 611.694 14.93347 13.52257 611.694 14.93347 13.52257 604.0006 14.93597 13.44782 604.0006 14.93597 13.44782 611.694 14.93475 13.37303 604.0006 14.93475 13.37303 611.694 14.92979 13.2984 604.0006 14.92979 13.2984 611.694 14.92113 13.22412 604.0006 14.92113 13.22412 611.694 14.90877 13.15035 604.0006 14.90877 13.15035 611.694 14.89275 13.0773 604.0006 14.89275 13.0773 611.694 14.8731 13.00513 604.0006 14.8731 13.00513 611.694 14.84989 12.93403 604.0006 14.84989 12.93403 611.694 14.82316 12.86418 604.0006 14.82316 12.86418 611.694 14.79298 12.79575 604.0006 14.79298 12.79575 611.694 14.75943 12.7289 604.0006 14.75943 12.7289 611.694 14.72259 12.66382 604.0006 14.72259 12.66382 611.694 14.68254 12.60064 604.0006 14.68254 12.60064 611.694 14.6394 12.53955 604.0006 14.6394 12.53955 611.694 14.59327 12.48068 604.0006 14.59327 12.48068 611.694 14.54426 12.42418 604.0006 14.54426 12.42418 611.694 14.4925 12.3702 604.0006 14.4925 12.3702 611.694 14.43811 12.31886 604.0006 14.43811 12.31886 611.694 14.38123 12.2703 604.0006 14.38123 12.2703 611.694 14.32199 12.22463 604.0006 14.32199 12.22463 611.694 14.26056 12.18197 604.0006 14.26056 12.18197 611.694 14.19707 12.14243 604.0006 14.19707 12.14243 611.694 14.1317 12.1061 604.0006 14.1317 12.1061 611.694 14.06459 12.07308 604.0006 14.06459 12.07308 611.694 13.99592 12.04344 604.0006 13.99592 12.04344 611.694 13.92586 12.01726 604.0006 13.92586 12.01726 611.694 13.85458 11.99461 604.0006 13.85458 11.99461 611.694 13.78226 11.97554 604.0006 13.78226 11.97554 611.694 13.70908 11.96009 604.0006 13.70908 11.96009 611.694 13.63523 11.94831 604.0006 13.63523 11.94831 611.694 13.56087 11.94023 604.0006 13.56087 11.94023 611.694 13.4862 11.93587 604.0006 13.4862 11.93587 611.694 13.41142 11.93523 604.0006 13.41142 11.93523 611.694 13.33669 11.93832 604.0006 13.33669 11.93832 611.694 13.26221 11.94513 604.0006 13.26221 11.94513 611.694 13.18816 11.95565 604.0006 13.18816 11.95565 611.694 13.11473 11.96984 604.0006 13.11473 11.96984 611.694 13.04209 11.98768 604.0006 13.04209 11.98768 611.694 12.97044 12.00912 604.0006 12.97044 12.00912 611.694 12.89994 12.0341 604.0006 12.89994 12.0341 611.694 12.83078 12.06256 604.0006 12.83078 12.06256 611.694 12.76312 12.09444 604.0006 12.76312 12.09444 611.694 12.69713 12.12964 604.0006 12.69713 12.12964 611.694 12.63298 12.1681 604.0006 12.63298 12.1681 611.694 12.57083 12.2097 604.0006 12.57083 12.2097 611.694 12.51082 12.25435 604.0006 12.51082 12.25435 611.694 12.45312 12.30194 604.0006 12.45312 12.30194 611.694 12.39787 12.35234 604.0006 12.39787 12.35234 611.694 12.34519 12.40543 604.0006 12.34519 12.40543 611.694 12.29522 12.46109 604.0006 12.29522 12.46109 611.694 12.24809 12.51916 604.0006 12.24809 12.51916 611.694 12.20392 12.57951 604.0006 12.20392 12.57951 611.694 12.16281 12.64199 604.0006 12.16281 12.64199 611.694 12.12486 12.70644 604.0006 12.12486 12.70644 611.694 12.09017 12.77271 604.0006 12.09017 12.77271 611.694 12.05883 12.84062 604.0006 12.05883 12.84062 611.694 12.03091 12.91 604.0006 12.03091 12.91 611.694 12.00649 12.98069 604.0006 12.00649 12.98069 611.694 11.98562 13.05251 604.0006 11.98562 13.05251 611.694 11.96836 13.12529 604.0006 11.96836 13.12529 611.694 11.95474 13.19883 604.0006 11.95474 13.19883 611.694 11.94481 13.27296 604.0006 11.94481 13.27296 611.694 11.93859 13.34749 604.0006 11.93859 13.34749 611.694 11.93608 13.42224 604.0006 11.93608 13.42224 611.694 11.93731 13.49702 604.0006 11.93731 13.49702 611.694 11.94226 13.57165 604.0006 11.94226 13.57165 611.694 11.95093 13.64594 604.0006 11.95093 13.64594 611.694 11.96329 13.7197 604.0006 11.96329 13.7197 611.694 11.97931 13.79276 611.694 11.97931 13.79276 604.0006 11.99895 13.86493 604.0006 11.99895 13.86493 611.694 12.02217 13.93602 604.0006 12.02217 13.93602 611.694 12.0489 14.00588 611.694 12.0489 14.00588 604.0006 12.07908 14.07431 604.0006 12.07908 14.07431 611.694 12.11263 14.14115 604.0006 12.11263 14.14115 611.694 12.14947 14.20624 604.0006 12.14947 14.20624 611.694 12.18951 14.26941 604.0006 12.18951 14.26941 611.694 12.23265 14.33051 604.0006 12.23265 14.33051 611.694 12.27878 14.38938 604.0006 12.27878 14.38938 611.694 12.32779 14.44588 604.0006 12.32779 14.44588 611.694 12.37956 14.49986 604.0006 12.37956 14.49986 611.694 12.43395 14.5512 604.0006 12.43395 14.5512 611.694 12.49083 14.59976 604.0006 12.49083 14.59976 611.694 12.55006 14.64543 611.694 12.55006 14.64543 604.0006 12.6115 14.68808 604.0006 12.6115 14.68808 611.694 12.67498 14.72763 604.0006 12.67498 14.72763 611.694 12.74036 14.76395 604.0006 12.74036 14.76395 611.694 12.80746 14.79698 604.0006 12.80746 14.79698 611.694 12.87613 14.82662 604.0006 12.87613 14.82662 611.694 12.9462 14.8528 604.0006 12.9462 14.8528 611.694 13.01747 14.87545 604.0006 13.01747 14.87545 611.694 13.08979 14.89452 604.0006 13.08979 14.89452 611.694 13.16297 14.90997 604.0006 13.16297 14.90997 611.694 13.23683 14.92174 604.0006 13.23683 14.92174 611.694 13.31119 14.92982 604.0006 13.31119 14.92982 611.694 13.38585 14.93419 604.0006 13.38585 14.93419 611.694 13.46064 14.93483 604.0006 13.46064 14.93483 611.694 13.53537 14.93174 604.0006 13.53537 14.93174 611.694 13.60985 14.92492 604.0006 13.60985 14.92492 611.694 13.6839 14.91441 611.694 13.6839 14.91441 604.0006 13.75733 14.90021 604.0006 13.75733 14.90021 611.694 13.82997 14.88238 604.0006 13.82997 14.88238 611.694 13.90162 14.86094 604.0006 13.90162 14.86094 611.694 13.97212 14.83596 604.0006 13.97212 14.83596 611.694 14.04128 14.8075 604.0006 14.04128 14.8075 611.694 14.10894 14.77562 604.0006 14.10894 14.77562 611.694 14.17493 14.74041 604.0006 14.17493 14.74041 611.694 14.23908 14.70196 604.0006 14.23908 14.70196 611.694 14.30123 14.66036 604.0006 14.30123 14.66036 611.694 14.36123 14.61571 604.0006 14.36123 14.61571 611.694 14.41893 14.56812 604.0006 14.41893 14.56812 611.694 14.47419 14.51772 604.0006 14.47419 14.51772 611.694 14.52687 14.46462 604.0006 14.52687 14.46462 611.694 14.57683 14.40897 604.0006 14.57683 14.40897 611.694 14.62396 14.35089 604.0006 14.62396 14.35089 611.694 14.66814 14.29054 604.0006 14.66814 14.29054 611.694 14.70925 14.22806 604.0006 14.70925 14.22806 611.694 14.7472 14.16361 604.0006 14.7472 14.16361 611.694 14.78188 14.09735 604.0006 14.78188 14.09735 611.694 14.81323 14.02944 604.0006 14.81323 14.02944 611.694 14.84114 13.96006 604.0006 14.84114 13.96006 611.694 14.86557 13.88936 604.0006 14.86557 13.88936 611.694 14.88644 13.81754 604.0006 14.88644 13.81754 611.694 14.9037 13.74477 604.0006 14.9037 13.74477 611.694 14.91732 13.67123 604.0006 14.91732 13.67123 611.694 16.16993 13.73216 601.3005 16.16993 13.73216 604.0006 16.18134 13.59551 604.0006 16.18134 13.59551 601.3005 16.18593 13.45847 604.0006 16.18593 13.45847 601.3005 16.18368 13.32137 604.0006 16.18368 13.32137 601.3005 16.1746 13.18455 604.0006 16.1746 13.18455 601.3005 16.15871 13.04836 604.0006 16.15871 13.04836 601.3005 16.13605 12.91312 604.0006 16.13605 12.91312 601.3005 16.10668 12.77919 604.0006 16.10668 12.77919 601.3005 16.07067 12.64688 604.0006 16.07067 12.64688 601.3005 16.02811 12.51654 604.0006 16.02811 12.51654 601.3005 15.9791 12.38847 604.0006 15.9791 12.38847 601.3005 15.92377 12.26301 604.0006 15.92377 12.26301 601.3005 15.86226 12.14047 604.0006 15.86226 12.14047 601.3005 15.79472 12.02114 604.0006 15.79472 12.02114 601.3005 15.72131 11.90532 604.0006 15.72131 11.90532 601.3005 15.64222 11.79331 604.0006 15.64222 11.79331 601.3005 15.55764 11.68538 604.0006 15.55764 11.68538 601.3005 15.46779 11.58181 604.0006 15.46779 11.58181 601.3005 15.37289 11.48283 604.0006 15.37289 11.48283 601.3005 15.27318 11.38872 604.0006 15.27318 11.38872 601.3005 15.16889 11.29969 604.0006 15.16889 11.29969 601.3005 15.0603 11.21596 604.0006 15.0603 11.21596 601.3005 14.94767 11.13776 604.0006 14.94767 11.13776 601.3005 14.83128 11.06527 604.0006 14.83128 11.06527 601.3005 14.71142 10.99866 604.0006 14.71142 10.99866 601.3005 14.58839 10.93812 604.0006 14.58839 10.93812 601.3005 14.4625 10.88378 604.0006 14.4625 10.88378 601.3005 14.33406 10.83579 604.0006 14.33406 10.83579 601.3005 14.20338 10.79426 604.0006 14.20338 10.79426 601.3005 14.07079 10.75929 604.0006 14.07079 10.75929 601.3005 13.93663 10.73098 604.0006 13.93663 10.73098 601.3005 13.80122 10.70938 604.0006 13.80122 10.70938 601.3005 13.6649 10.69457 604.0006 13.6649 10.69457 601.3005 13.52802 10.68657 604.0006 13.52802 10.68657 601.3005 13.39091 10.6854 604.0006 13.39091 10.6854 601.3005 13.25391 10.69107 604.0006 13.25391 10.69107 601.3005 13.11736 10.70355 604.0006 13.11736 10.70355 601.3005 12.9816 10.72284 604.0006 12.9816 10.72284 601.3005 12.84697 10.74886 604.0006 12.84697 10.74886 601.3005 12.71381 10.78156 604.0006 12.71381 10.78156 601.3005 12.58244 10.82086 604.0006 12.58244 10.82086 601.3005 12.4532 10.86665 604.0006 12.4532 10.86665 601.3005 12.3264 10.91884 604.0006 12.3264 10.91884 601.3005 12.20236 10.97728 604.0006 12.20236 10.97728 601.3005 12.08138 11.04182 604.0006 12.08138 11.04182 601.3005 11.96377 11.11232 604.0006 11.96377 11.11232 601.3005 11.84982 11.1886 604.0006 11.84982 11.1886 601.3005 11.73982 11.27046 604.0006 11.73982 11.27046 601.3005 11.63403 11.35769 604.0006 11.63403 11.35769 601.3005 11.53273 11.4501 604.0006 11.53273 11.4501 601.3005 11.43615 11.54744 604.0006 11.43615 11.54744 601.3005 11.34455 11.64947 604.0006 11.34455 11.64947 601.3005 11.25815 11.75594 604.0006 11.25815 11.75594 601.3005 11.17716 11.86659 604.0006 11.17716 11.86659 601.3005 11.10179 11.98113 604.0006 11.10179 11.98113 601.3005 11.03222 12.09929 604.0006 11.03222 12.09929 601.3005 10.96863 12.22077 604.0006 10.96863 12.22077 601.3005 10.91117 12.34527 604.0006 10.91117 12.34527 601.3005 10.85999 12.47248 604.0006 10.85999 12.47248 601.3005 10.81521 12.60208 604.0006 10.81521 12.60208 601.3005 10.77695 12.73375 604.0006 10.77695 12.73375 601.3005 10.7453 12.86717 604.0006 10.7453 12.86717 601.3005 10.72034 13.002 604.0006 10.72034 13.002 601.3005 10.70213 13.1379 604.0006 10.70213 13.1379 601.3005 10.69072 13.27454 601.3005 10.69072 13.27454 604.0006 10.68613 13.41159 601.3005 10.68613 13.41159 604.0006 10.68838 13.54869 601.3005 10.68838 13.54869 604.0006 10.69746 13.6855 601.3005 10.69746 13.6855 604.0006 10.71335 13.8217 601.3005 10.71335 13.8217 604.0006 10.73601 13.95693 601.3005 10.73601 13.95693 604.0006 10.76538 14.09087 601.3005 10.76538 14.09087 604.0006 10.80139 14.22318 601.3005 10.80139 14.22318 604.0006 10.84395 14.35352 601.3005 10.84395 14.35352 604.0006 10.89296 14.48158 601.3005 10.89296 14.48158 604.0006 10.94828 14.60704 601.3005 10.94828 14.60704 604.0006 11.0098 14.72959 601.3005 11.0098 14.72959 604.0006 11.07734 14.84892 601.3005 11.07734 14.84892 604.0006 11.15075 14.96473 601.3005 11.15075 14.96473 604.0006 11.22984 15.07674 601.3005 11.22984 15.07674 604.0006 11.31441 15.18467 601.3005 11.31441 15.18467 604.0006 11.40426 15.28825 601.3005 11.40426 15.28825 604.0006 11.49917 15.38722 601.3005 11.49917 15.38722 604.0006 11.59888 15.48134 601.3005 11.59888 15.48134 604.0006 11.70316 15.57037 601.3005 11.70316 15.57037 604.0006 11.81176 15.65409 601.3005 11.81176 15.65409 604.0006 11.92439 15.7323 601.3005 11.92439 15.7323 604.0006 12.04078 15.80479 601.3005 12.04078 15.80479 604.0006 12.16063 15.87139 601.3005 12.16063 15.87139 604.0006 12.28366 15.93194 601.3005 12.28366 15.93194 604.0006 12.40956 15.98627 601.3005 12.40956 15.98627 604.0006 12.538 16.03427 601.3005 12.538 16.03427 604.0006 12.66868 16.0758 601.3005 12.66868 16.0758 604.0006 12.80126 16.11077 601.3005 12.80126 16.11077 604.0006 12.93543 16.13908 601.3005 12.93543 16.13908 604.0006 13.07084 16.16067 601.3005 13.07084 16.16067 604.0006 13.20715 16.17549 601.3005 13.20715 16.17549 604.0006 13.34404 16.18349 601.3005 13.34404 16.18349 604.0006 13.48115 16.18466 601.3005 13.48115 16.18466 604.0006 13.61815 16.17899 601.3005 13.61815 16.17899 604.0006 13.7547 16.1665 601.3005 13.7547 16.1665 604.0006 13.89046 16.14722 601.3005 13.89046 16.14722 604.0006 14.02508 16.1212 601.3005 14.02508 16.1212 604.0006 14.15825 16.0885 601.3005 14.15825 16.0885 604.0006 14.28961 16.0492 601.3005 14.28961 16.0492 604.0006 14.41886 16.0034 601.3005 14.41886 16.0034 604.0006 14.54566 15.95122 601.3005 14.54566 15.95122 604.0006 14.6697 15.89278 601.3005 14.6697 15.89278 604.0006 14.79068 15.82823 601.3005 14.79068 15.82823 604.0006 14.90828 15.75773 601.3005 14.90828 15.75773 604.0006 15.02223 15.68146 601.3005 15.02223 15.68146 604.0006 15.13224 15.5996 601.3005 15.13224 15.5996 604.0006 15.23802 15.51236 601.3005 15.23802 15.51236 604.0006 15.33933 15.41996 601.3005 15.33933 15.41996 604.0006 15.4359 15.32262 601.3005 15.4359 15.32262 604.0006 15.52751 15.22059 601.3005 15.52751 15.22059 604.0006 15.61391 15.11412 601.3005 15.61391 15.11412 604.0006 15.6949 15.00347 601.3005 15.6949 15.00347 604.0006 15.77027 14.88893 601.3005 15.77027 14.88893 604.0006 15.83984 14.77077 601.3005 15.83984 14.77077 604.0006 15.90343 14.64929 601.3005 15.90343 14.64929 604.0006 15.96089 14.52479 601.3005 15.96089 14.52479 604.0006 16.01207 14.39758 601.3005 16.01207 14.39758 604.0006 16.05685 14.26798 601.3005 16.05685 14.26798 604.0006 16.09511 14.1363 601.3005 16.09511 14.1363 604.0006 16.12676 14.00289 601.3005 16.12676 14.00289 604.0006 16.15172 13.86806 601.3005 16.15172 13.86806 604.0006 12.33694 11.24539 601.0006 12.27132 12.58251 601.0006 12.44745 11.19333 601.0006 12.22916 11.3029 601.0006 12.12438 11.36571 601.0006 12.02287 11.43366 601.0006 11.92486 11.50659 601.0006 11.83062 11.58431 601.0006 11.74036 11.66664 601.0006 11.65432 11.75336 601.0006 11.57271 11.84426 601.0006 11.49573 11.93911 601.0006 11.42358 12.03769 601.0006 11.35643 12.13974 601.0006 11.29445 12.24501 601.0006 11.2378 12.35324 601.0006 11.18661 12.46415 601.0006 11.14101 12.57748 601.0006 11.10112 12.69295 601.0006 11.06703 12.81026 601.0006 11.03883 12.92912 601.0006 11.01659 13.04924 601.0006 11.00037 13.17032 601.0006 12.91123 11.04189 601.0006 13.59198 12.0001 601.0006 13.03117 11.01871 601.0006 12.7926 11.07103 601.0006 12.67556 11.10604 601.0006 12.56042 11.14684 601.0006 14.35052 11.1621 601.0006 14.46268 11.21051 601.0006 14.23609 11.11934 601.0006 14.11967 11.08234 601.0006 14.00155 11.05119 601.0006 13.88202 11.02596 601.0006 13.76138 11.00673 601.0006 13.63994 10.99353 601.0006 13.51799 10.9864 601.0006 13.39583 10.98536 601.0006 13.27377 10.99041 601.0006 13.15212 11.00153 601.0006 14.57229 11.26445 601.0006 14.67907 11.32379 601.0006 14.78276 11.38837 601.0006 14.88311 11.45804 601.0006 10.9902 13.29205 601.0006 12.11537 14.01743 601.0006 10.98612 13.41414 601.0006 10.98812 13.53629 601.0006 10.99621 13.65818 601.0006 11.01037 13.77952 601.0006 11.03056 13.9 601.0006 11.05672 14.01932 601.0006 11.0888 14.1372 601.0006 11.12672 14.25332 601.0006 11.17038 14.36742 601.0006 11.21967 14.47919 601.0006 11.27447 14.58837 601.0006 11.33465 14.69468 601.0006 11.40005 14.79786 601.0006 11.47052 14.89765 601.0006 11.54586 14.9938 601.0006 11.62591 15.08608 601.0006 11.71046 15.17426 601.0006 14.75669 12.85262 601.0006 15.472 12.0722 601.0006 15.5374 12.17538 601.0006 15.40154 11.97241 601.0006 15.32619 11.87625 601.0006 15.24615 11.78398 601.0006 15.1616 11.6958 601.0006 15.07276 11.61195 601.0006 14.97985 11.53263 601.0006 11.7993 15.25811 601.0006 15.59758 12.28169 601.0006 11.89221 15.33742 601.0006 15.65238 12.39087 601.0006 11.98895 15.41201 601.0006 15.70168 12.50264 601.0006 15.74533 12.61674 601.0006 15.78325 12.73286 601.0006 12.0893 15.48169 601.0006 13.28008 14.86995 601.0006 12.19299 15.54627 601.0006 12.29977 15.60561 601.0006 15.81534 12.85073 601.0006 12.40937 15.65955 601.0006 15.8415 12.97006 601.0006 12.52153 15.70796 601.0006 15.86169 13.09054 601.0006 12.63597 15.75072 601.0006 15.87584 13.21188 601.0006 12.75239 15.78772 601.0006 15.88393 13.33377 601.0006 12.87051 15.81887 601.0006 15.88594 13.45591 601.0006 12.99004 15.84409 601.0006 15.88185 13.57801 601.0006 13.11067 15.86333 601.0006 14.60074 14.28755 601.0006 15.87169 13.69974 601.0006 13.23212 15.87653 601.0006 15.85546 13.82082 601.0006 13.35407 15.88366 601.0006 15.83323 13.94094 601.0006 13.47623 15.8847 601.0006 15.80503 14.0598 601.0006 13.59828 15.87965 601.0006 15.77094 14.17711 601.0006 13.71994 15.86852 601.0006 15.73105 14.29257 601.0006 13.84088 15.85135 601.0006 15.68545 14.4059 601.0006 13.96082 15.82816 601.0006 15.63426 14.51682 601.0006 14.07946 15.79903 601.0006 15.57761 14.62505 601.0006 14.19649 15.76402 601.0006 15.51562 14.73032 601.0006 14.31164 15.72322 601.0006 15.44848 14.83237 601.0006 14.42461 15.67673 601.0006 15.37632 14.93094 601.0006 14.53512 15.62466 601.0006 15.29934 15.0258 601.0006 14.6429 15.56716 601.0006 15.21774 15.1167 601.0006 14.74767 15.50435 601.0006 15.13169 15.20342 601.0006 14.84919 15.4364 601.0006 15.04144 15.28575 601.0006 14.94719 15.36347 601.0006 12.45568 12.75432 612.0006 12.49083 12.7063 612.0006 12.52833 12.6601 612.0006 13.06557 12.30048 612.0006 12.90061 12.36836 612.0006 12.95445 12.343 612.0006 13.00948 12.32035 612.0006 12.31803 13.01728 612.0006 12.34024 12.96207 612.0006 12.36518 12.90804 612.0006 12.39278 12.85532 612.0006 12.42297 12.80404 612.0006 13.29772 12.24957 612.0006 13.18038 12.26923 612.0006 13.23881 12.25794 612.0006 13.35699 12.24415 612.0006 13.47595 12.2422 612.0006 13.41645 12.24169 612.0006 13.76906 12.28893 612.0006 13.59452 12.2521 612.0006 13.65329 12.26147 612.0006 13.71152 12.27376 612.0006 12.25439 13.60284 612.0006 12.24749 13.54374 612.0006 12.24355 13.48436 612.0006 13.93615 12.35137 612.0006 13.82577 12.30696 612.0006 13.88152 12.32779 612.0006 12.29259 13.77708 612.0006 12.27697 13.71966 612.0006 12.26422 13.66153 612.0006 14.04157 12.40655 612.0006 13.98955 12.37765 612.0006 14.09208 12.43801 612.0006 12.33234 13.88923 612.0006 12.31107 13.83365 612.0006 12.38304 13.99687 612.0006 12.35635 13.94368 612.0006 12.44422 14.09892 612.0006 12.41236 14.04866 612.0006 14.31781 12.63073 612.0006 14.14096 12.47196 612.0006 14.18809 12.50829 612.0006 14.23335 12.54693 612.0006 14.27663 12.58778 612.0006 12.51525 14.19437 612.0006 12.47854 14.14753 612.0006 14.39351 12.72252 612.0006 14.35681 12.67568 612.0006 12.59543 14.28228 612.0006 12.55424 14.23933 612.0006 12.24257 13.42486 612.0006 14.4597 12.8214 612.0006 14.42784 12.77114 612.0006 14.48901 12.87319 612.0006 14.51571 12.92637 612.0006 14.53972 12.98082 612.0006 12.77998 14.43204 612.0006 12.7311 14.3981 612.0006 12.68397 14.36177 612.0006 12.63871 14.32313 612.0006 12.24456 13.36538 612.0006 12.24952 13.30608 612.0006 12.25742 13.24709 612.0006 12.26825 13.18858 612.0006 12.28199 13.13068 612.0006 12.29859 13.07353 612.0006 12.56808 12.61581 612.0006 12.61 12.57357 612.0006 12.65396 12.53347 612.0006 12.69987 12.4956 612.0006 12.74762 12.46008 612.0006 12.79707 12.42697 612.0006 14.56099 13.0364 612.0006 12.88251 14.49241 612.0006 12.83049 14.46351 612.0006 14.60784 13.20852 612.0006 14.57946 13.09297 612.0006 14.59509 13.15039 612.0006 14.61767 13.26721 612.0006 13.103 14.58112 612.0006 13.04628 14.5631 612.0006 12.99054 14.54227 612.0006 12.9359 14.51869 612.0006 13.16054 14.5963 612.0006 14.62948 13.4452 612.0006 14.62457 13.32632 612.0006 14.62851 13.3857 612.0006 13.3961 14.62786 612.0006 13.3367 14.62439 612.0006 13.27754 14.61796 612.0006 13.21877 14.60859 612.0006 14.60381 13.68148 612.0006 14.62254 13.56398 612.0006 14.61464 13.62296 612.0006 14.59007 13.73938 612.0006 14.62749 13.50468 612.0006 13.57433 14.62049 612.0006 13.51507 14.62591 612.0006 13.45561 14.62837 612.0006 14.55403 13.85278 612.0006 14.57346 13.79653 612.0006 14.53182 13.90798 612.0006 13.69168 14.60083 612.0006 13.63325 14.61212 612.0006 13.74947 14.58663 612.0006 14.41638 14.11573 612.0006 14.50688 13.96202 612.0006 14.47928 14.01474 612.0006 14.44909 14.06602 612.0006 14.38123 14.16375 612.0006 14.34373 14.20996 612.0006 14.02395 14.47368 612.0006 13.97144 14.50169 612.0006 13.91761 14.52706 612.0006 13.86258 14.5497 612.0006 13.80649 14.56958 612.0006 14.30397 14.25424 612.0006 14.07499 14.44308 612.0006 14.12444 14.40998 612.0006 14.21809 14.33659 612.0006 14.26206 14.29649 612.0006 14.17218 14.37445 612.0006 12.84811 12.39638 612.0006 13.12259 12.28342 612.0006 13.53536 12.24567 612.0006 13.28008 14.86995 602.3005 12.11537 14.01743 602.3005 12.27132 12.58251 602.3005 13.59198 12.0001 602.3005 14.75669 12.85262 602.3005 14.60074 14.28755 602.3005 -11.93658 -13.34749 604.0006 -11.94281 -13.27296 604.0006 -11.94281 -13.27296 611.694 -11.93658 -13.34749 611.694 -11.93408 -13.42224 604.0006 -11.93408 -13.42224 611.694 -11.93531 -13.49702 604.0006 -11.93531 -13.49702 611.694 -11.94026 -13.57165 604.0006 -11.94026 -13.57165 611.694 -11.94893 -13.64594 604.0006 -11.94893 -13.64594 611.694 -11.96129 -13.7197 604.0006 -11.96129 -13.7197 611.694 -11.97731 -13.79276 604.0006 -11.97731 -13.79276 611.694 -11.99695 -13.86493 604.0006 -11.99695 -13.86493 611.694 -12.02017 -13.93602 604.0006 -12.02017 -13.93602 611.694 -12.0469 -14.00588 604.0006 -12.0469 -14.00588 611.694 -12.07708 -14.07431 604.0006 -12.07708 -14.07431 611.694 -12.11063 -14.14115 604.0006 -12.11063 -14.14115 611.694 -12.14747 -14.20624 604.0006 -12.14747 -14.20624 611.694 -12.18751 -14.26941 604.0006 -12.18751 -14.26941 611.694 -12.23065 -14.33051 604.0006 -12.23065 -14.33051 611.694 -12.27678 -14.38938 604.0006 -12.27678 -14.38938 611.694 -12.32579 -14.44588 604.0006 -12.32579 -14.44588 611.694 -12.37756 -14.49986 604.0006 -12.37756 -14.49986 611.694 -12.43195 -14.5512 604.0006 -12.43195 -14.5512 611.694 -12.48883 -14.59976 604.0006 -12.48883 -14.59976 611.694 -12.54806 -14.64543 604.0006 -12.54806 -14.64543 611.694 -12.6095 -14.68808 604.0006 -12.6095 -14.68808 611.694 -12.67298 -14.72763 604.0006 -12.67298 -14.72763 611.694 -12.73836 -14.76395 604.0006 -12.73836 -14.76395 611.694 -12.80547 -14.79698 604.0006 -12.80547 -14.79698 611.694 -12.87413 -14.82662 604.0006 -12.87413 -14.82662 611.694 -12.9442 -14.8528 604.0006 -12.9442 -14.8528 611.694 -13.01547 -14.87545 604.0006 -13.01547 -14.87545 611.694 -13.08779 -14.89452 604.0006 -13.08779 -14.89452 611.694 -13.16097 -14.90997 604.0006 -13.16097 -14.90997 611.694 -13.23483 -14.92174 604.0006 -13.23483 -14.92174 611.694 -13.30919 -14.92982 604.0006 -13.30919 -14.92982 611.694 -13.38385 -14.93419 604.0006 -13.38385 -14.93419 611.694 -13.45864 -14.93483 604.0006 -13.45864 -14.93483 611.694 -13.53337 -14.93174 604.0006 -13.53337 -14.93174 611.694 -13.60785 -14.92492 604.0006 -13.60785 -14.92492 611.694 -13.6819 -14.91441 604.0006 -13.6819 -14.91441 611.694 -13.75533 -14.90021 604.0006 -13.75533 -14.90021 611.694 -13.82797 -14.88238 604.0006 -13.82797 -14.88238 611.694 -13.89962 -14.86094 604.0006 -13.89962 -14.86094 611.694 -13.97012 -14.83596 604.0006 -13.97012 -14.83596 611.694 -14.03928 -14.8075 604.0006 -14.03928 -14.8075 611.694 -14.10694 -14.77562 604.0006 -14.10694 -14.77562 611.694 -14.17293 -14.74041 604.0006 -14.17293 -14.74041 611.694 -14.23708 -14.70196 604.0006 -14.23708 -14.70196 611.694 -14.29923 -14.66036 604.0006 -14.29923 -14.66036 611.694 -14.35923 -14.61571 604.0006 -14.35923 -14.61571 611.694 -14.41693 -14.56812 604.0006 -14.41693 -14.56812 611.694 -14.47219 -14.51772 604.0006 -14.47219 -14.51772 611.694 -14.52487 -14.46462 604.0006 -14.52487 -14.46462 611.694 -14.57483 -14.40897 604.0006 -14.57483 -14.40897 611.694 -14.62196 -14.35089 604.0006 -14.62196 -14.35089 611.694 -14.66614 -14.29054 611.694 -14.66614 -14.29054 604.0006 -14.70725 -14.22806 604.0006 -14.70725 -14.22806 611.694 -14.7452 -14.16361 604.0006 -14.7452 -14.16361 611.694 -14.77988 -14.09735 604.0006 -14.77988 -14.09735 611.694 -14.81123 -14.02944 611.694 -14.81123 -14.02944 604.0006 -14.83914 -13.96006 604.0006 -14.83914 -13.96006 611.694 -14.86357 -13.88936 604.0006 -14.86357 -13.88936 611.694 -14.88444 -13.81754 604.0006 -14.88444 -13.81754 611.694 -14.9017 -13.74477 604.0006 -14.9017 -13.74477 611.694 -14.91531 -13.67123 604.0006 -14.91531 -13.67123 611.694 -14.92525 -13.5971 604.0006 -14.92525 -13.5971 611.694 -14.93147 -13.52257 604.0006 -14.93147 -13.52257 611.694 -14.93397 -13.44782 604.0006 -14.93397 -13.44782 611.694 -14.93275 -13.37303 604.0006 -14.93275 -13.37303 611.694 -14.92779 -13.2984 604.0006 -14.92779 -13.2984 611.694 -14.91913 -13.22412 611.694 -14.91913 -13.22412 604.0006 -14.90677 -13.15035 604.0006 -14.90677 -13.15035 611.694 -14.89075 -13.0773 604.0006 -14.89075 -13.0773 611.694 -14.8711 -13.00513 604.0006 -14.8711 -13.00513 611.694 -14.84789 -12.93403 604.0006 -14.84789 -12.93403 611.694 -14.82116 -12.86418 604.0006 -14.82116 -12.86418 611.694 -14.79098 -12.79575 604.0006 -14.79098 -12.79575 611.694 -14.75743 -12.7289 604.0006 -14.75743 -12.7289 611.694 -14.72059 -12.66382 604.0006 -14.72059 -12.66382 611.694 -14.68054 -12.60064 604.0006 -14.68054 -12.60064 611.694 -14.6374 -12.53955 604.0006 -14.6374 -12.53955 611.694 -14.59127 -12.48068 604.0006 -14.59127 -12.48068 611.694 -14.54226 -12.42418 604.0006 -14.54226 -12.42418 611.694 -14.4905 -12.3702 604.0006 -14.4905 -12.3702 611.694 -14.43611 -12.31886 611.694 -14.43611 -12.31886 604.0006 -14.37923 -12.2703 604.0006 -14.37923 -12.2703 611.694 -14.31999 -12.22463 604.0006 -14.31999 -12.22463 611.694 -14.25856 -12.18197 604.0006 -14.25856 -12.18197 611.694 -14.19507 -12.14243 604.0006 -14.19507 -12.14243 611.694 -14.1297 -12.1061 604.0006 -14.1297 -12.1061 611.694 -14.06259 -12.07308 604.0006 -14.06259 -12.07308 611.694 -13.99392 -12.04344 611.694 -13.99392 -12.04344 604.0006 -13.92386 -12.01726 604.0006 -13.92386 -12.01726 611.694 -13.85258 -11.99461 604.0006 -13.85258 -11.99461 611.694 -13.78026 -11.97554 604.0006 -13.78026 -11.97554 611.694 -13.70708 -11.96009 604.0006 -13.70708 -11.96009 611.694 -13.63322 -11.94831 604.0006 -13.63322 -11.94831 611.694 -13.55887 -11.94023 604.0006 -13.55887 -11.94023 611.694 -13.48421 -11.93587 604.0006 -13.48421 -11.93587 611.694 -13.40942 -11.93523 611.694 -13.40942 -11.93523 604.0006 -13.33469 -11.93832 604.0006 -13.33469 -11.93832 611.694 -13.26021 -11.94513 604.0006 -13.26021 -11.94513 611.694 -13.18616 -11.95565 604.0006 -13.18616 -11.95565 611.694 -13.11273 -11.96984 604.0006 -13.11273 -11.96984 611.694 -13.04009 -11.98768 604.0006 -13.04009 -11.98768 611.694 -12.96844 -12.00912 604.0006 -12.96844 -12.00912 611.694 -12.89794 -12.0341 611.694 -12.89794 -12.0341 604.0006 -12.82878 -12.06256 604.0006 -12.82878 -12.06256 611.694 -12.76112 -12.09444 604.0006 -12.76112 -12.09444 611.694 -12.69513 -12.12964 604.0006 -12.69513 -12.12964 611.694 -12.63098 -12.1681 604.0006 -12.63098 -12.1681 611.694 -12.56883 -12.2097 604.0006 -12.56883 -12.2097 611.694 -12.50883 -12.25435 611.694 -12.50883 -12.25435 604.0006 -12.45112 -12.30194 604.0006 -12.45112 -12.30194 611.694 -12.39587 -12.35234 604.0006 -12.39587 -12.35234 611.694 -12.34319 -12.40543 604.0006 -12.34319 -12.40543 611.694 -12.29322 -12.46109 611.694 -12.29322 -12.46109 604.0006 -12.24609 -12.51916 604.0006 -12.24609 -12.51916 611.694 -12.20192 -12.57951 604.0006 -12.20192 -12.57951 611.694 -12.16081 -12.64199 604.0006 -12.16081 -12.64199 611.694 -12.12286 -12.70644 604.0006 -12.12286 -12.70644 611.694 -12.08817 -12.77271 604.0006 -12.08817 -12.77271 611.694 -12.05683 -12.84062 604.0006 -12.05683 -12.84062 611.694 -12.02891 -12.91 604.0006 -12.02891 -12.91 611.694 -12.00449 -12.98069 604.0006 -12.00449 -12.98069 611.694 -11.98362 -13.05251 604.0006 -11.98362 -13.05251 611.694 -11.96636 -13.12529 611.694 -11.96636 -13.12529 604.0006 -11.95274 -13.19883 604.0006 -11.95274 -13.19883 611.694 -10.70013 -13.1379 601.3005 -10.70013 -13.1379 604.0006 -10.68872 -13.27454 604.0006 -10.68872 -13.27454 601.3005 -10.68413 -13.41159 604.0006 -10.68413 -13.41159 601.3005 -10.68638 -13.54869 604.0006 -10.68638 -13.54869 601.3005 -10.69546 -13.6855 604.0006 -10.69546 -13.6855 601.3005 -10.71135 -13.8217 604.0006 -10.71135 -13.8217 601.3005 -10.73401 -13.95693 604.0006 -10.73401 -13.95693 601.3005 -10.76338 -14.09087 604.0006 -10.76338 -14.09087 601.3005 -10.79939 -14.22318 604.0006 -10.79939 -14.22318 601.3005 -10.84195 -14.35352 604.0006 -10.84195 -14.35352 601.3005 -10.89096 -14.48158 604.0006 -10.89096 -14.48158 601.3005 -10.94628 -14.60704 604.0006 -10.94628 -14.60704 601.3005 -11.0078 -14.72959 604.0006 -11.0078 -14.72959 601.3005 -11.07534 -14.84892 604.0006 -11.07534 -14.84892 601.3005 -11.14875 -14.96473 604.0006 -11.14875 -14.96473 601.3005 -11.22784 -15.07674 604.0006 -11.22784 -15.07674 601.3005 -11.31241 -15.18467 604.0006 -11.31241 -15.18467 601.3005 -11.40226 -15.28825 604.0006 -11.40226 -15.28825 601.3005 -11.49717 -15.38722 604.0006 -11.49717 -15.38722 601.3005 -11.59688 -15.48134 604.0006 -11.59688 -15.48134 601.3005 -11.70117 -15.57037 604.0006 -11.70117 -15.57037 601.3005 -11.80976 -15.65409 604.0006 -11.80976 -15.65409 601.3005 -11.92239 -15.7323 604.0006 -11.92239 -15.7323 601.3005 -12.03878 -15.80479 604.0006 -12.03878 -15.80479 601.3005 -12.15863 -15.87139 604.0006 -12.15863 -15.87139 601.3005 -12.28166 -15.93194 604.0006 -12.28166 -15.93194 601.3005 -12.40756 -15.98627 604.0006 -12.40756 -15.98627 601.3005 -12.536 -16.03427 604.0006 -12.536 -16.03427 601.3005 -12.66668 -16.0758 604.0006 -12.66668 -16.0758 601.3005 -12.79926 -16.11077 604.0006 -12.79926 -16.11077 601.3005 -12.93343 -16.13908 604.0006 -12.93343 -16.13908 601.3005 -13.06884 -16.16067 604.0006 -13.06884 -16.16067 601.3005 -13.20515 -16.17549 604.0006 -13.20515 -16.17549 601.3005 -13.34204 -16.18349 604.0006 -13.34204 -16.18349 601.3005 -13.47915 -16.18466 604.0006 -13.47915 -16.18466 601.3005 -13.61615 -16.17899 604.0006 -13.61615 -16.17899 601.3005 -13.7527 -16.1665 604.0006 -13.7527 -16.1665 601.3005 -13.88846 -16.14722 604.0006 -13.88846 -16.14722 601.3005 -14.02308 -16.1212 604.0006 -14.02308 -16.1212 601.3005 -14.15625 -16.0885 604.0006 -14.15625 -16.0885 601.3005 -14.28761 -16.0492 604.0006 -14.28761 -16.0492 601.3005 -14.41686 -16.0034 604.0006 -14.41686 -16.0034 601.3005 -14.54366 -15.95122 604.0006 -14.54366 -15.95122 601.3005 -14.6677 -15.89278 604.0006 -14.6677 -15.89278 601.3005 -14.78868 -15.82823 604.0006 -14.78868 -15.82823 601.3005 -14.90628 -15.75773 604.0006 -14.90628 -15.75773 601.3005 -15.02023 -15.68146 604.0006 -15.02023 -15.68146 601.3005 -15.13024 -15.5996 604.0006 -15.13024 -15.5996 601.3005 -15.23602 -15.51236 604.0006 -15.23602 -15.51236 601.3005 -15.33733 -15.41996 604.0006 -15.33733 -15.41996 601.3005 -15.4339 -15.32262 604.0006 -15.4339 -15.32262 601.3005 -15.52551 -15.22059 604.0006 -15.52551 -15.22059 601.3005 -15.61191 -15.11412 604.0006 -15.61191 -15.11412 601.3005 -15.6929 -15.00347 604.0006 -15.6929 -15.00347 601.3005 -15.76827 -14.88893 604.0006 -15.76827 -14.88893 601.3005 -15.83784 -14.77077 604.0006 -15.83784 -14.77077 601.3005 -15.90143 -14.64929 604.0006 -15.90143 -14.64929 601.3005 -15.95889 -14.52479 604.0006 -15.95889 -14.52479 601.3005 -16.01007 -14.39758 604.0006 -16.01007 -14.39758 601.3005 -16.05485 -14.26798 604.0006 -16.05485 -14.26798 601.3005 -16.09311 -14.1363 604.0006 -16.09311 -14.1363 601.3005 -16.12476 -14.00289 604.0006 -16.12476 -14.00289 601.3005 -16.14972 -13.86806 604.0006 -16.14972 -13.86806 601.3005 -16.16793 -13.73216 604.0006 -16.16793 -13.73216 601.3005 -16.17934 -13.59551 601.3005 -16.17934 -13.59551 604.0006 -16.18393 -13.45847 601.3005 -16.18393 -13.45847 604.0006 -16.18168 -13.32137 601.3005 -16.18168 -13.32137 604.0006 -16.1726 -13.18455 601.3005 -16.1726 -13.18455 604.0006 -16.15671 -13.04836 601.3005 -16.15671 -13.04836 604.0006 -16.13405 -12.91312 601.3005 -16.13405 -12.91312 604.0006 -16.10468 -12.77919 601.3005 -16.10468 -12.77919 604.0006 -16.06867 -12.64688 601.3005 -16.06867 -12.64688 604.0006 -16.02611 -12.51654 601.3005 -16.02611 -12.51654 604.0006 -15.9771 -12.38847 601.3005 -15.9771 -12.38847 604.0006 -15.92177 -12.26301 601.3005 -15.92177 -12.26301 604.0006 -15.86026 -12.14047 601.3005 -15.86026 -12.14047 604.0006 -15.79272 -12.02114 601.3005 -15.79272 -12.02114 604.0006 -15.71931 -11.90532 601.3005 -15.71931 -11.90532 604.0006 -15.64022 -11.79331 601.3005 -15.64022 -11.79331 604.0006 -15.55564 -11.68538 601.3005 -15.55564 -11.68538 604.0006 -15.46579 -11.58181 601.3005 -15.46579 -11.58181 604.0006 -15.37089 -11.48283 601.3005 -15.37089 -11.48283 604.0006 -15.27118 -11.38872 601.3005 -15.27118 -11.38872 604.0006 -15.16689 -11.29969 601.3005 -15.16689 -11.29969 604.0006 -15.0583 -11.21596 601.3005 -15.0583 -11.21596 604.0006 -14.94567 -11.13776 601.3005 -14.94567 -11.13776 604.0006 -14.82928 -11.06527 601.3005 -14.82928 -11.06527 604.0006 -14.70942 -10.99866 601.3005 -14.70942 -10.99866 604.0006 -14.5864 -10.93812 601.3005 -14.5864 -10.93812 604.0006 -14.4605 -10.88378 601.3005 -14.4605 -10.88378 604.0006 -14.33206 -10.83579 601.3005 -14.33206 -10.83579 604.0006 -14.20138 -10.79426 601.3005 -14.20138 -10.79426 604.0006 -14.06879 -10.75929 601.3005 -14.06879 -10.75929 604.0006 -13.93463 -10.73098 601.3005 -13.93463 -10.73098 604.0006 -13.79922 -10.70938 601.3005 -13.79922 -10.70938 604.0006 -13.66291 -10.69457 601.3005 -13.66291 -10.69457 604.0006 -13.52602 -10.68657 601.3005 -13.52602 -10.68657 604.0006 -13.38891 -10.6854 601.3005 -13.38891 -10.6854 604.0006 -13.25191 -10.69107 601.3005 -13.25191 -10.69107 604.0006 -13.11536 -10.70355 601.3005 -13.11536 -10.70355 604.0006 -12.9796 -10.72284 601.3005 -12.9796 -10.72284 604.0006 -12.84497 -10.74886 601.3005 -12.84497 -10.74886 604.0006 -12.71181 -10.78156 601.3005 -12.71181 -10.78156 604.0006 -12.58044 -10.82086 601.3005 -12.58044 -10.82086 604.0006 -12.4512 -10.86665 601.3005 -12.4512 -10.86665 604.0006 -12.3244 -10.91884 601.3005 -12.3244 -10.91884 604.0006 -12.20036 -10.97728 601.3005 -12.20036 -10.97728 604.0006 -12.07938 -11.04182 601.3005 -12.07938 -11.04182 604.0006 -11.96177 -11.11232 601.3005 -11.96177 -11.11232 604.0006 -11.84783 -11.18859 601.3005 -11.84783 -11.18859 604.0006 -11.73782 -11.27046 601.3005 -11.73782 -11.27046 604.0006 -11.63204 -11.35769 601.3005 -11.63204 -11.35769 604.0006 -11.53073 -11.4501 601.3005 -11.53073 -11.4501 604.0006 -11.43415 -11.54744 601.3005 -11.43415 -11.54744 604.0006 -11.34255 -11.64947 601.3005 -11.34255 -11.64947 604.0006 -11.25615 -11.75594 601.3005 -11.25615 -11.75594 604.0006 -11.17516 -11.86659 601.3005 -11.17516 -11.86659 604.0006 -11.09979 -11.98113 601.3005 -11.09979 -11.98113 604.0006 -11.03022 -12.09929 601.3005 -11.03022 -12.09929 604.0006 -10.96662 -12.22077 601.3005 -10.96662 -12.22077 604.0006 -10.90917 -12.34527 601.3005 -10.90917 -12.34527 604.0006 -10.85799 -12.47248 601.3005 -10.85799 -12.47248 604.0006 -10.81321 -12.60208 601.3005 -10.81321 -12.60208 604.0006 -10.77495 -12.73375 601.3005 -10.77495 -12.73375 604.0006 -10.7433 -12.86717 601.3005 -10.7433 -12.86717 604.0006 -10.71834 -13.002 601.3005 -10.71834 -13.002 604.0006 -14.53312 -15.62466 601.0006 -14.59873 -14.28755 601.0006 -14.42261 -15.67673 601.0006 -14.6409 -15.56716 601.0006 -14.74567 -15.50435 601.0006 -14.84719 -15.4364 601.0006 -14.94519 -15.36347 601.0006 -15.03944 -15.28575 601.0006 -15.1297 -15.20342 601.0006 -15.21573 -15.1167 601.0006 -15.29734 -15.0258 601.0006 -15.37432 -14.93094 601.0006 -15.44647 -14.83237 601.0006 -15.51362 -14.73032 601.0006 -15.57561 -14.62505 601.0006 -15.63226 -14.51682 601.0006 -15.68345 -14.4059 601.0006 -15.72905 -14.29257 601.0006 -15.76894 -14.17711 601.0006 -15.80303 -14.0598 601.0006 -15.83123 -13.94094 601.0006 -15.85346 -13.82082 601.0006 -15.86969 -13.69974 601.0006 -13.95882 -15.82816 601.0006 -13.27808 -14.86995 601.0006 -13.83888 -15.85135 601.0006 -14.07746 -15.79903 601.0006 -14.1945 -15.76402 601.0006 -14.30964 -15.72322 601.0006 -12.51953 -15.70796 601.0006 -12.40738 -15.65955 601.0006 -12.63397 -15.75072 601.0006 -12.75039 -15.78772 601.0006 -12.86851 -15.81887 601.0006 -12.98804 -15.84409 601.0006 -13.10867 -15.86333 601.0006 -13.23012 -15.87653 601.0006 -13.35207 -15.88366 601.0006 -13.47423 -15.8847 601.0006 -13.59629 -15.87965 601.0006 -13.71794 -15.86852 601.0006 -12.29777 -15.60561 601.0006 -12.19099 -15.54627 601.0006 -12.08729 -15.48169 601.0006 -11.98695 -15.41201 601.0006 -15.87985 -13.57801 601.0006 -14.75469 -12.85262 601.0006 -15.88394 -13.45591 601.0006 -15.88193 -13.33377 601.0006 -15.87384 -13.21188 601.0006 -15.85969 -13.09054 601.0006 -15.8395 -12.97006 601.0006 -15.81334 -12.85073 601.0006 -15.78125 -12.73286 601.0006 -15.74333 -12.61674 601.0006 -15.69968 -12.50264 601.0006 -15.65038 -12.39087 601.0006 -15.59558 -12.28169 601.0006 -15.5354 -12.17538 601.0006 -15.47 -12.0722 601.0006 -15.39954 -11.97241 601.0006 -15.32419 -11.87625 601.0006 -15.24415 -11.78398 601.0006 -15.1596 -11.6958 601.0006 -12.11337 -14.01743 601.0006 -11.39805 -14.79786 601.0006 -11.33265 -14.69468 601.0006 -11.46851 -14.89765 601.0006 -11.54386 -14.9938 601.0006 -11.62391 -15.08608 601.0006 -11.70846 -15.17426 601.0006 -11.7973 -15.25811 601.0006 -11.89021 -15.33742 601.0006 -15.07076 -11.61195 601.0006 -11.27248 -14.58837 601.0006 -14.97785 -11.53263 601.0006 -11.21767 -14.47919 601.0006 -14.88111 -11.45804 601.0006 -11.16838 -14.36742 601.0006 -11.12472 -14.25332 601.0006 -11.0868 -14.1372 601.0006 -14.78076 -11.38837 601.0006 -13.58998 -12.0001 601.0006 -14.67707 -11.32379 601.0006 -14.57029 -11.26445 601.0006 -11.05472 -14.01932 601.0006 -14.46068 -11.21051 601.0006 -11.02856 -13.9 601.0006 -14.34852 -11.1621 601.0006 -11.00837 -13.77952 601.0006 -14.23409 -11.11934 601.0006 -10.99421 -13.65818 601.0006 -14.11767 -11.08234 601.0006 -10.98612 -13.53629 601.0006 -13.99954 -11.05119 601.0006 -10.98412 -13.41414 601.0006 -13.88002 -11.02596 601.0006 -10.9882 -13.29205 601.0006 -13.75938 -11.00673 601.0006 -12.26932 -12.58251 601.0006 -10.99837 -13.17032 601.0006 -13.63794 -10.99353 601.0006 -11.01459 -13.04924 601.0006 -13.51599 -10.9864 601.0006 -11.03683 -12.92912 601.0006 -13.39383 -10.98536 601.0006 -11.06503 -12.81026 601.0006 -13.27177 -10.99041 601.0006 -11.09912 -12.69295 601.0006 -13.15012 -11.00153 601.0006 -11.13901 -12.57748 601.0006 -13.02917 -11.01871 601.0006 -11.18461 -12.46415 601.0006 -12.90923 -11.04189 601.0006 -11.2358 -12.35324 601.0006 -12.7906 -11.07103 601.0006 -11.29245 -12.24501 601.0006 -12.67356 -11.10604 601.0006 -11.35443 -12.13974 601.0006 -12.55842 -11.14684 601.0006 -11.42158 -12.03769 601.0006 -12.44545 -11.19333 601.0006 -11.49374 -11.93911 601.0006 -12.33494 -11.24539 601.0006 -11.57071 -11.84426 601.0006 -12.22716 -11.3029 601.0006 -11.65232 -11.75336 601.0006 -12.12238 -11.36571 601.0006 -11.73836 -11.66664 601.0006 -12.02087 -11.43366 601.0006 -11.82861 -11.58431 601.0006 -11.92286 -11.50659 601.0006 -14.41438 -14.11573 612.0006 -14.37923 -14.16375 612.0006 -14.34173 -14.20996 612.0006 -13.80448 -14.56958 612.0006 -13.96944 -14.50169 612.0006 -13.91561 -14.52706 612.0006 -13.86058 -14.5497 612.0006 -14.55203 -13.85278 612.0006 -14.52982 -13.90798 612.0006 -14.50488 -13.96202 612.0006 -14.47728 -14.01474 612.0006 -14.44709 -14.06602 612.0006 -13.57233 -14.62049 612.0006 -13.68968 -14.60083 612.0006 -13.63125 -14.61212 612.0006 -13.51307 -14.62591 612.0006 -13.3941 -14.62786 612.0006 -13.45361 -14.62837 612.0006 -13.101 -14.58112 612.0006 -13.27553 -14.61796 612.0006 -13.21677 -14.60859 612.0006 -13.15854 -14.5963 612.0006 -14.61567 -13.26721 612.0006 -14.62257 -13.32632 612.0006 -14.62651 -13.3857 612.0006 -12.9339 -14.51869 612.0006 -13.04429 -14.5631 612.0006 -12.98854 -14.54227 612.0006 -14.57746 -13.09297 612.0006 -14.59309 -13.15039 612.0006 -14.60584 -13.20852 612.0006 -12.82849 -14.46351 612.0006 -12.88051 -14.49241 612.0006 -12.77798 -14.43204 612.0006 -14.53772 -12.98082 612.0006 -14.55899 -13.0364 612.0006 -14.48701 -12.87319 612.0006 -14.51371 -12.92637 612.0006 -14.42584 -12.77114 612.0006 -14.4577 -12.8214 612.0006 -12.55224 -14.23933 612.0006 -12.7291 -14.3981 612.0006 -12.68197 -14.36177 612.0006 -12.63671 -14.32313 612.0006 -12.59343 -14.28228 612.0006 -14.35481 -12.67568 612.0006 -14.39151 -12.72252 612.0006 -12.47654 -14.14753 612.0006 -12.51325 -14.19437 612.0006 -14.27463 -12.58778 612.0006 -14.31581 -12.63073 612.0006 -14.62749 -13.4452 612.0006 -12.41036 -14.04866 612.0006 -12.44222 -14.09892 612.0006 -12.38104 -13.99687 612.0006 -12.35435 -13.94368 612.0006 -12.33033 -13.88923 612.0006 -14.09008 -12.43801 612.0006 -14.13896 -12.47196 612.0006 -14.18609 -12.50829 612.0006 -14.23135 -12.54693 612.0006 -14.62549 -13.50468 612.0006 -14.62054 -13.56398 612.0006 -14.61264 -13.62296 612.0006 -14.60181 -13.68148 612.0006 -14.58807 -13.73938 612.0006 -14.57146 -13.79653 612.0006 -14.30197 -14.25424 612.0006 -14.26006 -14.29649 612.0006 -14.21609 -14.33659 612.0006 -14.17018 -14.37445 612.0006 -14.12244 -14.40998 612.0006 -14.07299 -14.44308 612.0006 -12.30907 -13.83365 612.0006 -13.98755 -12.37765 612.0006 -14.03957 -12.40655 612.0006 -12.26222 -13.66153 612.0006 -12.29059 -13.77708 612.0006 -12.27497 -13.71966 612.0006 -12.25239 -13.60284 612.0006 -13.76706 -12.28893 612.0006 -13.82377 -12.30696 612.0006 -13.87952 -12.32779 612.0006 -13.93416 -12.35137 612.0006 -13.70952 -12.27376 612.0006 -12.24057 -13.42486 612.0006 -12.24549 -13.54374 612.0006 -12.24155 -13.48436 612.0006 -13.47395 -12.2422 612.0006 -13.53336 -12.24567 612.0006 -13.59252 -12.2521 612.0006 -13.65129 -12.26147 612.0006 -12.26625 -13.18858 612.0006 -12.24752 -13.30608 612.0006 -12.25542 -13.24709 612.0006 -12.27999 -13.13068 612.0006 -12.24256 -13.36538 612.0006 -13.29572 -12.24957 612.0006 -13.35499 -12.24415 612.0006 -13.41445 -12.24169 612.0006 -12.31603 -13.01728 612.0006 -12.29659 -13.07353 612.0006 -12.33824 -12.96207 612.0006 -13.17838 -12.26923 612.0006 -13.23681 -12.25794 612.0006 -13.12059 -12.28342 612.0006 -12.45368 -12.75432 612.0006 -12.36318 -12.90804 612.0006 -12.39077 -12.85532 612.0006 -12.42097 -12.80404 612.0006 -12.48883 -12.7063 612.0006 -12.52633 -12.6601 612.0006 -12.84611 -12.39638 612.0006 -12.89861 -12.36836 612.0006 -12.95245 -12.343 612.0006 -13.00748 -12.32035 612.0006 -13.06357 -12.30048 612.0006 -12.56608 -12.61581 612.0006 -12.79507 -12.42697 612.0006 -12.74562 -12.46008 612.0006 -12.65196 -12.53347 612.0006 -12.608 -12.57357 612.0006 -12.69787 -12.4956 612.0006 -14.02195 -14.47368 612.0006 -13.74747 -14.58663 612.0006 -13.3347 -14.62439 612.0006 -13.58998 -12.0001 602.3005 -14.75469 -12.85262 602.3005 -14.59873 -14.28755 602.3005 -13.27808 -14.86995 602.3005 -12.11337 -14.01743 602.3005 -12.26932 -12.58251 602.3005</float_array>
          <technique_common>
            <accessor source="#geometry_697cd7e1_2389_491c_bade_f195235f2ca6-mesh-positions-array" count="3072" stride="3">
              <param name="X" type="float" />
              <param name="Y" type="float" />
              <param name="Z" type="float" />
            </accessor>
          </technique_common>
        </source>
        <source id="geometry_697cd7e1_2389_491c_bade_f195235f2ca6-mesh-normals">
          <float_array id="geometry_697cd7e1_2389_491c_bade_f195235f2ca6-mesh-normals-array" count="5508">0.9965318 0.08321332 0 0.9965317 0.08321446 0 0.9994407 0.03343975 0 0.99944 0.0334658 0 0.9998658 -0.01638817 0 0.9998653 -0.01641488 0 0.9978071 -0.06618899 0 0.9978036 -0.06624263 0 0.993263 -0.1158826 0 0.9862502 -0.165259 0 0.9862499 -0.1652611 0 0.9767922 -0.2141891 0 0.9767916 -0.2141919 0 0.9648889 -0.2626585 0 0.9648956 -0.2626338 0 0.9506079 -0.3103945 0 0.9506092 -0.3103905 0 0.933957 -0.3573855 0 0.9339676 -0.3573579 0 0.9149779 -0.4035041 0 0.9149801 -0.4034992 0 0.8937181 -0.4486292 0 0.8937314 -0.4486026 0 0.8702449 -0.4926195 0 0.8702562 -0.4925993 0 0.844627 -0.5353552 0 0.8446151 -0.5353741 0 0.8168893 -0.5767946 0 0.8168812 -0.5768061 0 0.7871239 -0.6167951 0 0.7553912 -0.6552743 0 0.7554042 -0.6552591 0 0.7217814 -0.692121 0 0.6863965 -0.7272275 0 0.6864098 -0.727215 0 0.6492942 -0.7605373 0 0.6105796 -0.7919549 0 0.6105754 -0.7919582 0 0.5703482 -0.8214032 0 0.5703561 -0.8213976 0 0.5286921 -0.8488137 0 0.4857296 -0.8741092 0 0.4857246 -0.874112 0 0.4415298 -0.8972466 0 0.4415404 -0.8972415 0 0.3962776 -0.9181308 0 0.396272 -0.9181332 0 0.3500247 -0.9367405 0 0.3500131 -0.9367449 0 0.302892 -0.953025 0 0.3028873 -0.9530265 0 0.2550227 -0.9669351 0 0.2550162 -0.9669368 0 0.2064792 -0.9784511 0 0.2064738 -0.9784522 0 0.1574743 -0.9875231 0 0.1574727 -0.9875234 0 0.1080493 -0.9941456 0 0.1080538 -0.994145 0 0.0583719 -0.9982949 0 0.05837428 -0.9982948 0 0.00849235 -0.9999639 0 0.008492469 -0.999964 0 -0.04131191 -0.9991464 0 -0.0413134 -0.9991463 0 -0.09109371 -0.9958424 0 -0.09109133 -0.9958426 0 -0.1405999 -0.9900666 0 -0.1406073 -0.9900655 0 -0.1897775 -0.9818271 0 -0.2384966 -0.9711434 0 -0.2384873 -0.9711457 0 -0.2865888 -0.9580538 0 -0.2866003 -0.9580503 0 -0.3339979 -0.9425739 0 -0.3339949 -0.9425749 0 -0.3805634 -0.9247549 0 -0.3805727 -0.924751 0 -0.42619 -0.9046338 0 -0.4707689 -0.8822566 0 -0.4707579 -0.8822625 0 -0.5141271 -0.8577139 0 -0.5141321 -0.8577111 0 -0.5562674 -0.8310035 0 -0.5562551 -0.8310117 0 -0.5970003 -0.8022411 0 -0.5969749 -0.80226 0 -0.6362244 -0.7715042 0 -0.6362283 -0.7715009 0 -0.6739034 -0.7388195 0 -0.6739166 -0.7388075 0 -0.7098924 -0.7043102 0 -0.7098791 -0.7043235 0 -0.7441098 -0.6680574 0 -0.744123 -0.6680427 0 -0.7764931 -0.6301258 0 -0.8069228 -0.590657 0 -0.8353806 -0.5496721 0 -0.8353684 -0.5496906 0 -0.861729 -0.5073689 0 -0.8617407 -0.5073493 0 -0.8859263 -0.4638261 0 -0.8859509 -0.463779 0 -0.9079679 -0.4190397 0 -0.9079703 -0.4190347 0 -0.9277341 -0.3732416 0 -0.9277232 -0.3732691 0 -0.9451742 -0.3265668 0 -0.9451823 -0.3265431 0 -0.9602845 -0.2790228 0 -0.9602785 -0.2790437 0 -0.9729976 -0.2308156 0 -0.9729923 -0.2308377 0 -0.9832952 -0.1820185 0 -0.9911423 -0.1328046 0 -0.9911386 -0.1328324 0 -0.9965317 -0.08321446 0 -0.9965296 -0.08323967 0 -0.9994408 -0.03343927 0 -0.9994399 -0.03346621 0 -0.9998654 0.01641446 0 -0.9998654 0.01641422 0 -0.9978054 0.06621628 0 -0.9978018 0.0662682 0 -0.9932656 0.1158595 0 -0.9932658 0.115858 0 -0.9862542 0.1652353 0 -0.9862502 0.165259 0 -0.9767879 0.2142089 0 -0.9767873 0.2142117 0 -0.9648956 0.2626338 0 -0.9649024 0.2626091 0 -0.9506 0.3104184 0 -0.9506144 0.3103744 0 -0.9339642 0.3573668 0 -0.9339481 0.3574086 0 -0.9149779 0.4035041 0 -0.9149703 0.4035214 0 -0.8937314 0.4486026 0 -0.8937394 0.4485868 0 -0.8702562 0.4925993 0 -0.8446069 0.535387 0 -0.8446189 0.5353682 0 -0.8168893 0.5767946 0 -0.8168848 0.5768009 0 -0.7871031 0.6168215 0 -0.7871289 0.6167887 0 -0.7553854 0.6552808 0 -0.7553985 0.6552656 0 -0.7217878 0.6921144 0 -0.7218011 0.6921006 0 -0.6863896 0.7272341 0 -0.6864027 0.7272216 0 -0.6493019 0.7605308 0 -0.6105754 0.7919582 0 -0.6105796 0.7919549 0 -0.5703347 0.8214125 0 -0.5703392 0.8214094 0 -0.528704 0.8488063 0 -0.4857184 0.8741154 0 -0.4857133 0.8741182 0 -0.4415404 0.8972415 0 -0.4415509 0.8972362 0 -0.396272 0.9181332 0 -0.3962776 0.9181308 0 -0.3500044 0.9367481 0 -0.350016 0.9367438 0 -0.3029161 0.9530172 0 -0.3029084 0.9530197 0 -0.2549979 0.9669417 0 -0.2064738 0.9784522 0 -0.2064792 0.9784511 0 -0.1574897 0.9875207 0 -0.1574856 0.9875214 0 -0.1080378 0.9941468 0 -0.05836105 0.9982956 0 -0.008530557 0.9999637 0 -0.008530318 0.9999637 0 0.04133862 0.9991452 0 0.09107983 0.9958437 0 0.1406073 0.9900655 0 0.09108054 0.9958436 0 0.1406036 0.990066 0 0.1897853 0.9818256 0 0.238487 0.9711457 0 0.238484 0.9711464 0 0.2866052 0.9580489 0 0.286601 0.9580501 0 0.3339949 0.9425749 0 0.3340062 0.9425709 0 0.3805727 0.924751 0 0.3805634 0.9247549 0 0.42619 0.9046338 0 0.4707483 0.8822677 0 0.4707372 0.8822736 0 0.5141467 0.8577023 0 0.5562246 0.8310321 0 0.5562491 0.8310157 0 0.5969961 0.8022442 0 0.6362283 0.7715009 0 0.6362374 0.7714934 0 0.6738961 0.7388262 0 0.7098923 0.7043103 0 0.709899 0.7043036 0 0.744098 0.6680706 0 0.7441112 0.6680559 0 0.7764931 0.6301258 0 0.8069274 0.5906507 0 0.8353644 0.5496966 0 0.8353766 0.5496782 0 0.8617358 0.5073574 0 0.8617324 0.5073632 0 0.8859481 0.4637845 0 0.8859509 0.463779 0 0.9079679 0.4190397 0 0.9079703 0.4190347 0 0.9277232 0.3732691 0 0.9277341 0.3732416 0 0.9451742 0.3265668 0 0.9451823 0.3265431 0 0.9602764 0.2790508 0 0.9602825 0.2790299 0 0.9729937 0.2308318 0 0.972993 0.2308347 0 0.9832895 0.1820489 0 0.9832943 0.1820232 0 0.9911392 0.1328272 0 0.991146 0.1327769 0 0.9965304 0.08322966 0 0.9994398 0.03346711 0 0.9965316 0.08321601 0 0.9998651 -0.016424 0 0.9994406 0.03344655 0 0.9978044 -0.06623178 0 0.9998658 -0.01638346 0 0.9932593 -0.1159146 0 0.9978055 -0.06621396 0 0.9862522 -0.1652477 0 0.9932658 -0.1158583 0 0.9767913 -0.2141934 0 0.986251 -0.1652544 0 0.9649006 -0.2626152 0 0.9506108 -0.3103858 0 0.9648979 -0.2626256 0 0.9339625 -0.3573712 0 0.9506007 -0.3104166 0 0.9149873 -0.403483 0 0.9339503 -0.3574029 0 0.9149662 -0.4035306 0 0.893742 -0.4485814 0 0.8937172 -0.4486309 0 0.8702649 -0.4925841 0 0.8702538 -0.4926038 0 0.8446241 -0.5353599 0 0.8446098 -0.5353825 0 0.8168959 -0.5767852 0 0.8168783 -0.5768103 0 0.7871457 -0.6167671 0 0.7871043 -0.6168199 0 0.7553973 -0.6552671 0 0.7553885 -0.6552773 0 0.7217883 -0.6921139 0 0.7217887 -0.6921135 0 0.6864111 -0.7272137 0 0.6492967 -0.7605352 0 0.6863893 -0.7272343 0 0.649295 -0.7605367 0 0.6105839 -0.7919517 0 0.5703464 -0.8214044 0 0.6105709 -0.7919617 0 0.5286924 -0.8488136 0 0.5703325 -0.8214141 0 0.4857532 -0.874096 0 0.5286775 -0.8488228 0 0.4415583 -0.8972327 0 0.485713 -0.8741185 0 0.3962832 -0.9181283 0 0.4415251 -0.897249 0 0.3500279 -0.9367393 0 0.3962758 -0.9181316 0 0.3028957 -0.9530238 0 0.350003 -0.9367486 0 0.2550156 -0.966937 0 0.3028923 -0.9530248 0 0.206498 -0.978447 0 0.2550111 -0.9669382 0 0.1574608 -0.9875252 0 0.108045 -0.9941461 0 0.157464 -0.9875248 0 0.05835306 -0.998296 0 0.1080348 -0.9941471 0 0.008527159 -0.9999637 0 0.05835431 -0.998296 0 -0.04132878 -0.9991457 0 0.008526682 -0.9999637 0 -0.09108573 -0.9958431 0 -0.04132622 -0.9991458 0 -0.0910806 -0.9958435 0 -0.1406077 -0.9900655 0 -0.1405969 -0.990067 0 -0.189795 -0.9818238 0 -0.1897851 -0.9818257 0 -0.2384846 -0.9711463 0 -0.2866105 -0.9580473 0 -0.2384749 -0.9711487 0 -0.3340013 -0.9425727 0 -0.286601 -0.95805 0 -0.380573 -0.9247509 0 -0.3339895 -0.9425768 0 -0.426187 -0.9046351 0 -0.3805482 -0.9247612 0 -0.4707551 -0.8822639 0 -0.5141533 -0.8576983 0 -0.4707391 -0.8822726 0 -0.5562639 -0.8310058 0 -0.5141381 -0.8577075 0 -0.5970003 -0.802241 0 -0.5562449 -0.8310186 0 -0.6362438 -0.7714881 0 -0.5969871 -0.802251 0 -0.6739048 -0.7388183 0 -0.6362243 -0.7715042 0 -0.7098987 -0.7043038 0 -0.6738986 -0.7388238 0 -0.7441287 -0.6680364 0 -0.7098783 -0.7043245 0 -0.7765034 -0.6301131 0 -0.7441052 -0.6680625 0 -0.7764707 -0.6301534 0 -0.8069341 -0.5906416 0 -0.8069295 -0.5906478 0 -0.8353815 -0.5496706 0 -0.8353691 -0.5496896 0 -0.861739 -0.5073519 0 -0.8617222 -0.5073804 0 -0.88596 -0.4637618 0 -0.8859422 -0.4637956 0 -0.9079624 -0.4190516 0 -0.9079592 -0.4190589 0 -0.9277359 -0.3732375 0 -0.9277208 -0.3732749 0 -0.9451751 -0.3265641 0 -0.960283 -0.2790281 0 -0.9451783 -0.3265549 0 -0.9729958 -0.2308227 0 -0.9602826 -0.2790297 0 -0.9832924 -0.1820335 0 -0.9911442 -0.13279 0 -0.9911414 -0.132811 0 -0.9965308 -0.08322626 0 -0.996531 -0.0832228 0 -0.9994402 -0.03345823 0 -0.9994406 -0.03344517 0 -0.9998653 0.01641434 0 -0.9998657 0.01639306 0 -0.9978042 0.06623446 0 -0.9978049 0.06622147 0 -0.9932622 0.1158888 0 -0.9932628 0.1158841 0 -0.9862516 0.1652511 0 -0.9862522 0.1652477 0 -0.9767894 0.2142021 0 -0.976791 0.2141946 0 -0.9648979 0.2626256 0 -0.9649006 0.2626152 0 -0.9506067 0.310398 0 -0.9506077 0.3103951 0 -0.9339538 0.3573939 0 -0.9339556 0.3573892 0 -0.91497 0.403522 0 -0.9149873 0.403483 0 -0.8937214 0.4486227 0 -0.8937379 0.4485897 0 -0.8702549 0.4926018 0 -0.8702649 0.4925841 0 -0.8446144 0.5353751 0 -0.8446334 0.5353453 0 -0.8168822 0.5768045 0 -0.8168871 0.5767977 0 -0.78712 0.6167999 0 -0.7554075 0.6552553 0 -0.7553848 0.6552816 0 -0.7217836 0.6921189 0 -0.7217986 0.6921032 0 -0.686406 0.7272186 0 -0.6863842 0.7272391 0 -0.6493068 0.7605265 0 -0.649295 0.7605367 0 -0.6105868 0.7919495 0 -0.6105659 0.7919656 0 -0.5703464 0.8214044 0 -0.5703282 0.8214169 0 -0.5286831 0.8488193 0 -0.5286775 0.8488228 0 -0.4857217 0.8741136 0 -0.4857374 0.8741048 0 -0.4415583 0.8972327 0 -0.3962659 0.9181359 0 -0.3962832 0.9181283 0 -0.3500121 0.9367452 0 -0.3500211 0.9367418 0 -0.3028864 0.9530268 0 -0.3029111 0.9530189 0 -0.2550015 0.9669408 0 -0.2550111 0.9669382 0 -0.206484 0.9784501 0 -0.2064882 0.9784491 0 -0.1574658 0.9875245 0 -0.1574741 0.9875232 0 -0.108045 0.9941461 0 -0.1080501 0.9941455 0 -0.05835306 0.998296 0 -0.008526682 0.9999637 0 -0.008527338 0.9999637 0 0.04132622 0.9991458 0 0.04132878 0.9991457 0 0.09107869 0.9958437 0 0.09108573 0.9958431 0 0.1406178 0.990064 0 0.1406077 0.9900655 0 0.1897763 0.9818274 0 0.1897851 0.9818257 0 0.2384846 0.9711463 0 0.2866105 0.9580473 0 0.2865954 0.9580518 0 0.3339986 0.9425737 0 0.3339738 0.9425824 0 0.3805819 0.9247472 0 0.3805571 0.9247575 0 0.426187 0.9046351 0 0.4707636 0.8822594 0 0.4707477 0.882268 0 0.5141533 0.8576983 0 0.5141139 0.857722 0 0.5562543 0.8310123 0 0.5562496 0.8310153 0 0.5970185 0.8022276 0 0.5969821 0.8022546 0 0.6362416 0.7714899 0 0.6362193 0.7715083 0 0.6739048 0.7388183 0 0.6738935 0.7388285 0 0.7098731 0.7043296 0 0.7099039 0.7042987 0 0.7441052 0.6680625 0 0.7441338 0.6680306 0 0.7764871 0.6301333 0 0.8069197 0.5906612 0 0.806944 0.5906282 0 0.8353643 0.5496968 0 0.8353768 0.5496779 0 0.8617222 0.5073804 0 0.8617435 0.5073443 0 0.885938 0.4638037 0 0.8859554 0.4637706 0 0.9079624 0.4190516 0 0.907963 0.4190503 0 0.9277244 0.3732661 0 0.9277287 0.3732552 0 0.9451815 0.3265457 0 0.9451707 0.3265768 0 0.9602802 0.2790376 0 0.9602826 0.2790297 0 0.9729958 0.2308227 0 0.9832943 0.1820235 0 0.9832929 0.1820309 0 0.9911408 0.1328157 0 0.9911428 0.1328008 0 0 0 1 -3.11687e-4 0 1 -3.56213e-4 0 1 0.001306056 0 0.9999992 4.45266e-5 0 1 1.33581e-4 0 1 2.67155e-4 0 1 -4.89791e-4 0 0.9999999 6.53061e-4 0 0.9999999 -1.78104e-4 0 1 1.33579e-4 0 1 -6.53048e-4 0 0.9999999 1.78104e-4 0 1 1.11316e-4 0 1 -1.78106e-4 0 1 2.2263e-5 0 1 -8.90517e-5 0 1 6.0111e-4 0 0.9999999 1.78108e-4 0 1 2.00371e-4 0 1 -1.89236e-4 0 1 -8.90533e-5 0 1 0.001306056 0 0.9999992 -2.33764e-4 0 1 -8.90543e-5 0 1 -2.7829e-4 0 1 -8.90534e-5 0 1 -0.001306056 0 0.9999992 4.81445e-4 0 1 -2.7481e-4 0 1 2.17069e-4 0 1 -0.001306056 0 0.9999992 -1.3358e-4 0 1 0.001306056 0 0.9999992 -4.45266e-4 0 1 -4.08147e-5 0 1 2.22631e-4 0 1 3.56208e-4 0 1 -1.33581e-4 0 1 4.45262e-5 0 1 8.90521e-5 0 1 1.3358e-4 0 1 -3.26524e-4 0 1 8.90534e-5 0 1 -1.33577e-4 0 1 0.001306116 0 0.9999992 8.90546e-5 0 1 1.78109e-4 0 1 -8.90526e-5 0 1 4.00732e-4 0 1 -0.001306116 0 0.9999992 -8.90525e-5 0 1 2.67155e-4 0 1 1.78104e-4 0 1 1.78108e-4 0 1 8.90528e-5 0 1 -4.89787e-4 0 1 0.001306116 0 0.9999992 1.78103e-4 0 1 1.6326e-4 0 1 -3.56209e-4 0 1 -8.16331e-5 0 1 3.56209e-4 0 1 3.56217e-4 0 1 5.71428e-4 0 0.9999999 -4.89783e-4 0 1 3.56205e-4 0 1 -4.898e-4 0 1 5.71423e-4 0 1 2.44886e-4 0 1 -1.22451e-4 0 1 -8.163e-5 0 1 -1.22447e-4 0 1 -2.44892e-4 0 1 1.63264e-4 0 1 -1.63263e-4 0 1 2.0408e-4 0 1 5.71418e-4 0 1 -1.6326e-4 0 1 1.22445e-4 0 1 -8.16334e-5 0 1 8.16313e-5 0 1 1.7811e-4 0 1 -7.12425e-4 0 0.9999998 8.16306e-5 0 1 7.12429e-4 0 0.9999998 7.1427e-4 0 0.9999998 -7.95905e-4 0 0.9999997 -3.87752e-4 0 1 8.16302e-5 0 1 -2.22633e-5 0 1 5.51015e-4 0 1 6.67899e-5 0 1 4.28571e-4 0 1 -1.02039e-5 0 1 -1.63266e-4 0 1 8.16334e-5 0 1 8.90531e-5 0 1 6.83661e-4 0 0.9999998 -8.16285e-5 0 1 4.00508e-4 0 1 -7.12424e-4 0 0.9999998 -8.90541e-5 0 1 -7.80606e-4 0 0.9999997 8.16337e-5 0 1 5.30607e-4 0 1 3.26522e-4 0 1 -1.78104e-4 0 1 -2.44898e-4 0 1 1.63264e-4 0 1 -3.6735e-4 0 1 -1.63261e-4 0 1 1.63266e-4 0 1 1.63258e-4 0 1 1.22448e-4 0 1 -1.63263e-4 0 1 -1.63265e-4 0 1 -7.12417e-4 0 0.9999998 3.67346e-4 0 1 3.26524e-4 0 1 -6.53069e-4 0 0.9999998 7.12433e-4 0 0.9999998 -8.16321e-5 0 1 3.26535e-4 0 1 -1.63261e-4 0 1 -0.001020371 0 0.9999996 -7.34676e-4 0 0.9999998 4.4897e-4 0 1 -8.16324e-4 0 0.9999998 2.04076e-4 0 1 7.12425e-4 0 0.9999998 0 0 -1 9.5122e-4 0 -0.9999996 -9.65957e-4 0 -0.9999995 -1.45921e-5 0 -1 1.14289e-4 0 -1 -2.23214e-4 0 -1 -9.33897e-4 0 -0.9999996 8.69825e-4 0 -0.9999997 3.52386e-5 0 -1 -4.7561e-4 0 -0.9999999 9.65964e-4 0 -0.9999995 2.28579e-4 0 -1 -2.23205e-4 0 -1 1.08731e-4 0 -1 -5.28523e-5 0 -1 -4.22833e-4 0 -1 2.86452e-5 0 -1 1.23301e-4 0 -1 -2.48362e-4 0 -1 4.93203e-4 0 -0.9999999 4.88885e-4 0 -0.9999999 4.82975e-4 0 -0.9999999 -9.51234e-4 0 -0.9999996 -1.23956e-4 0 -1 -2.47915e-4 0 -1 4.57162e-4 0 -0.9999999 -4.66949e-4 0 -0.9999999 1.16738e-4 0 -1 -3.4287e-4 0 -1 9.7777e-4 0 -0.9999995 1.11601e-4 0 -1 -9.86402e-4 0 -0.9999995 2.17462e-4 0 -1 9.91673e-4 0 -0.9999995 -3.52388e-5 0 -1 -1.05706e-4 0 -1 3.17122e-4 0 -1 -1.11603e-4 0 -1 -9.77763e-4 0 -0.9999996 9.65957e-4 0 -0.9999995 -1.16736e-4 0 -1 1.18905e-4 0 -1 -1.20744e-4 0 -1 1.8495e-4 0 -1 -2.47921e-4 0 -1 6.20891e-5 0 -1 -1.23959e-4 0 -1 1.23302e-4 0 -1 9.14311e-4 0 -0.9999996 -3.01865e-4 0 -1 2.37807e-4 0 -1 -0.02160197 0 0.9997667 -0.00360763 0 0.9999935 0.01441287 0 0.9998962 0.01082968 0 0.9999414 0.005394339 0 0.9999855 0.001802146 0 0.9999984 0.0432083 0 0.9990662 -0.01441127 0 0.9998962 -0.001445472 0 0.9999991 -0.01441287 0 0.9998962 0.004347383 0 0.9999907 0.04317373 0 0.9990676 0.01082295 0 0.9999415 -0.02160924 0 0.9997665 0.00721997 0 0.999974 -0.007211863 0 0.999974 -0.02159464 0 0.9997669 -9.23514e-4 0 0.9999997 4.55982e-4 0 1 0.005411684 0 0.9999854 0.001098871 0 0.9999994 -0.002726554 0 0.9999964 -0.002649188 0 0.9999965 -0.007210254 0 0.9999741 0.001351296 0 0.9999991 -4.49219e-4 0 1 2.06007e-4 0 1 -5.27231e-4 0 1 6.53332e-4 0 0.9999998 0.001219034 0 0.9999994 -0.001569211 0 0.9999989 2.4713e-4 0 1 -0.001719176 0 0.9999985 -4.67564e-5 0 1 -0.002241909 0 0.9999976 0.001465022 0 0.999999 -0.001701116 0 0.9999986 0.001280963 0 0.9999992 8.51232e-4 0 0.9999997 -0.02163118 0 0.9997661 0.04315918 0 0.9990683 -0.02882248 0 0.9995846 0.002706348 0 0.9999964 0.004338324 0 0.9999907 -0.0144326 0 0.9998959 0.02881842 0 0.9995847 0.00135225 0 0.9999991 0.04320281 0 0.9990664 -4.26079e-4 0 1 -0.02882331 0 0.9995845 6.76247e-4 0 0.9999998 -0.005408942 0 0.9999855 3.05147e-4 0 1 -0.01441615 0 0.9998962 0.02159464 0 0.9997669 0.01081013 0 0.9999416 -0.003605961 0 0.9999935 0.001804828 0 0.9999985 -0.002075254 0 0.9999979 0.001037418 0 0.9999995 4.57466e-5 0 1 -1.20183e-4 0 1 -9.94753e-5 0 1 4.53109e-5 0 1 -1.32567e-4 0 1 1.44741e-4 0 1 -9.61669e-6 0 1 1.82853e-5 0 1 0.001672685 0 0.9999987 -2.52676e-4 0 1 4.27242e-4 0 1 -4.04449e-4 0 1 5.95423e-4 0 0.9999999 3.06021e-4 0 1 -0.001067876 0 0.9999995 -0.001074492 0 0.9999995 0.001569211 0 0.9999989 0.590689 -0.8068995 0 0.5906047 -0.8069611 0 0.9941464 0.1080425 0 0.9941449 0.1080555 0 0.4035118 0.9149745 0 0.4034853 0.9149861 0 -0.5906466 0.8069305 0 -0.9941465 -0.1080415 0 -0.9941449 -0.1080555 0 -0.4035118 -0.9149745 0 -0.4034846 -0.9149865 0 0.9965296 0.08323967 0 0.9994399 0.03346621 0 0.9998654 -0.01641422 0 0.9998649 -0.01644098 0 0.9978036 -0.0662418 0 0.9978054 -0.06621628 0 0.9932627 -0.1158841 0 0.9932625 -0.1158857 0 0.9862542 -0.1652353 0 0.9767879 -0.2142089 0 0.9767929 -0.2141864 0 0.9506066 -0.3103983 0 0.9339553 -0.3573899 0 0.9149898 -0.403477 0 0.8446189 -0.5353682 0 0.8168723 -0.5768185 0 0.7871159 -0.6168051 0 0.7871289 -0.6167887 0 0.7553985 -0.6552656 0 0.7553854 -0.6552808 0 0.7218011 -0.6921006 0 0.6863896 -0.7272341 0 0.6493019 -0.7605308 0 0.6492888 -0.7605419 0 0.6105924 -0.791945 0 0.6105883 -0.7919483 0 0.5703392 -0.8214094 0 0.5703223 -0.8214211 0 0.5287159 -0.8487989 0 0.528704 -0.8488063 0 0.4857072 -0.8741217 0 0.4857133 -0.8741182 0 0.3962815 -0.918129 0 0.3500073 -0.936747 0 0.3500218 -0.9367417 0 0.3029161 -0.9530172 0 0.2549914 -0.9669433 0 0.2549849 -0.9669451 0 0.1574856 -0.9875214 0 0.1574897 -0.9875207 0 0.1080407 -0.9941465 0 0.1080378 -0.9941468 0 0.0583626 -0.9982955 0 0.05836105 -0.9982956 0 0.008530318 -0.9999637 0 -0.04133862 -0.9991452 0 -0.09108221 -0.9958434 0 -0.09107816 -0.9958438 0 -0.1406036 -0.990066 0 -0.1897853 -0.9818256 0 -0.238484 -0.9711464 0 -0.2384809 -0.9711472 0 -0.2866082 -0.9580479 0 -0.2865979 -0.958051 0 -0.3340062 -0.9425709 0 -0.3340032 -0.9425719 0 -0.4707483 -0.8822677 0 -0.5141351 -0.8577094 0 -0.5141467 -0.8577023 0 -0.5562368 -0.8310238 0 -0.5562491 -0.8310157 0 -0.5969834 -0.8022536 0 -0.5969961 -0.8022442 0 -0.6362374 -0.7714934 0 -0.6362544 -0.7714794 0 -0.6738961 -0.7388262 0 -0.6738829 -0.7388382 0 -0.7098923 -0.7043103 0 -0.7098857 -0.7043169 0 -0.7441112 -0.6680559 0 -0.7764802 -0.6301418 0 -0.80694 -0.5906334 0 -0.8353644 -0.5496966 0 -0.8617358 -0.5073574 0 -0.8617324 -0.5073632 0 -0.885959 -0.4637637 0 -0.9079579 -0.4190616 0 -0.927725 -0.3732644 0 -0.927714 -0.3732919 0 -0.9602825 -0.2790299 0 -0.9602764 -0.2790508 0 -0.972993 -0.2308347 0 -0.9729997 -0.2308067 0 -0.9832895 -0.1820489 0 -0.983299 -0.1819976 0 -0.9911426 -0.1328029 0 -0.9911462 -0.1327751 0 -0.9965274 -0.08326709 0 -0.9994407 -0.03343975 0 -0.9998658 0.01638841 0 -0.9998658 0.01638817 0 -0.9978036 0.06624263 0 -0.9978036 0.0662418 0 -0.993263 0.1158826 0 -0.9862499 0.1652611 0 -0.9862546 0.1652331 0 -0.9767916 0.2141919 0 -0.9767867 0.2142145 0 -0.9506092 0.3103905 0 -0.9506079 0.3103945 0 -0.9339498 0.3574042 0 -0.933957 0.3573855 0 -0.8937208 0.4486238 0 -0.9149898 0.403477 0 -0.8937287 0.4486079 0 -0.8446151 0.5353741 0 -0.8168936 0.5767884 0 -0.7871239 0.6167951 0 -0.787111 0.6168116 0 -0.7553912 0.6552743 0 -0.7554042 0.6552591 0 -0.7217814 0.692121 0 -0.7217947 0.6921072 0 -0.6863965 0.7272275 0 -0.6492942 0.7605373 0 -0.6105924 0.791945 0 -0.5703312 0.8214148 0 -0.5703482 0.8214032 0 -0.5286921 0.8488137 0 -0.4857296 0.8741092 0 -0.4415298 0.8972466 0 -0.3962815 0.918129 0 -0.3962679 0.918135 0 -0.3500334 0.9367372 0 -0.3500218 0.9367417 0 -0.3028873 0.9530265 0 -0.3028843 0.9530274 0 -0.2550227 0.9669351 0 -0.2550097 0.9669385 0 -0.1574743 0.9875231 0 -0.1574768 0.9875228 0 -0.1080522 0.9941452 0 -0.1080482 0.9941458 0 -0.058375 0.9982947 0 -0.05837583 0.9982948 0 -0.008492112 0.9999639 0 0.04131299 0.9991463 0 -0.008491992 0.9999639 0 0.0413134 0.9991463 0 0.09109371 0.9958424 0 0.09109133 0.9958426 0 0.1897726 0.9818282 0 0.2384873 0.9711457 0 0.2384966 0.9711434 0 0.286593 0.9580525 0 0.2866106 0.9580472 0 0.3339865 0.9425779 0 0.3805821 0.9247472 0 0.3339895 0.9425769 0 0.4707579 0.8822625 0 0.4707689 0.8822566 0 0.5141438 0.8577041 0 0.5141389 0.857707 0 0.5562551 0.8310117 0 0.5562428 0.8310198 0 0.5969876 0.8022506 0 0.6362504 0.7714827 0 0.6739034 0.7388195 0 0.7098791 0.7043235 0 0.744123 0.6680427 0 0.7441098 0.6680574 0 0.7764802 0.6301418 0 0.8069354 0.5906398 0 0.8353684 0.5496906 0 0.861729 0.5073689 0 0.885959 0.4637637 0 0.9079602 0.4190565 0 0.9079781 0.4190178 0 0.927725 0.3732644 0 0.9277048 0.3733147 0 0.9602785 0.2790437 0 0.9602845 0.2790228 0 0.9729983 0.2308126 0 0.9729976 0.2308156 0 0.9911428 0.1328011 0 0.9911391 0.132829 0 0.9965293 0.08324331 0 0.9994403 0.03345549 0 0.9965308 0.08322626 0 0.9998657 -0.01639306 0 0.9994406 0.03344792 0 0.9998653 -0.01641434 0 0.993264 -0.1158739 0 0.9978048 -0.06622421 0 0.9932622 -0.1158888 0 0.9767932 -0.2141848 0 0.9862499 -0.1652611 0 0.9767894 -0.2142021 0 0.9506077 -0.3103951 0 0.9648952 -0.2626352 0 0.933959 -0.3573802 0 0.9506067 -0.310398 0 0.91497 -0.403522 0 0.8937379 -0.4485897 0 0.8937214 -0.4486227 0 0.8702638 -0.4925861 0 0.8446334 -0.5353453 0 0.8168871 -0.5767977 0 0.8168774 -0.5768114 0 0.78712 -0.6167999 0 0.7554025 -0.6552612 0 0.7553899 -0.6552757 0 0.7217986 -0.6921032 0 0.7217836 -0.6921189 0 0.6493018 -0.760531 0 0.686379 -0.727244 0 0.6492899 -0.760541 0 0.6105918 -0.7919456 0 0.5703513 -0.821401 0 0.5286831 -0.8488193 0 0.5703282 -0.8214169 0 0.4857374 -0.8741048 0 0.4857217 -0.8741136 0 0.44155 -0.8972367 0 0.3500211 -0.9367418 0 0.3962659 -0.9181359 0 0.3029051 -0.9530208 0 0.3500121 -0.9367452 0 0.2064923 -0.9784482 0 0.2549964 -0.9669421 0 0.1574708 -0.9875236 0 0.2064882 -0.9784491 0 0.1080523 -0.9941452 0 0.1574658 -0.9875245 0 -0.04132962 -0.9991456 0 -0.09108382 -0.9958432 0 -0.1406149 -0.9900644 0 -0.1406048 -0.9900659 0 -0.189789 -0.981825 0 -0.1897801 -0.9818266 0 -0.2384799 -0.9711474 0 -0.3339921 -0.9425759 0 -0.3805819 -0.9247472 0 -0.3339803 -0.9425801 0 -0.3805571 -0.9247575 0 -0.4707477 -0.882268 0 -0.5562686 -0.8310027 0 -0.514123 -0.8577166 0 -0.5969954 -0.8022447 0 -0.5562496 -0.8310153 0 -0.6362416 -0.7714899 0 -0.5969821 -0.8022546 0 -0.6738945 -0.7388276 0 -0.6362294 -0.7715 0 -0.7099039 -0.7042987 0 -0.6738935 -0.7388285 0 -0.7441338 -0.6680306 0 -0.7098731 -0.7043296 0 -0.7764871 -0.6301333 0 -0.7764972 -0.6301208 0 -0.8069197 -0.5906612 0 -0.8353863 -0.5496635 0 -0.8353643 -0.5496968 0 -0.8617345 -0.5073596 0 -0.8859554 -0.4637706 0 -0.8859465 -0.4637875 0 -0.9079546 -0.4190686 0 -0.907963 -0.4190503 0 -0.9277173 -0.3732838 0 -0.9602912 -0.2789996 0 -0.945177 -0.3265584 0 -0.960277 -0.2790487 0 -0.9832905 -0.1820435 0 -0.9911435 -0.1327954 0 -0.9832929 -0.1820309 0 -0.9911401 -0.1328211 0 -0.9965298 -0.08323645 0 -0.9965322 -0.08320915 0 -0.9994398 -0.03346711 0 -0.9994406 -0.03344655 0 -0.9998651 0.01642465 0 -0.9998655 0.01640337 0 -0.9978055 0.06621396 0 -0.9978029 0.06625229 0 -0.9932658 0.1158583 0 -0.9932616 0.1158942 0 -0.9862476 0.1652745 0 -0.9862589 0.1652076 0 -0.9767913 0.2141934 0 -0.976787 0.2142131 0 -0.9506108 0.3103858 0 -0.9339572 0.3573849 0 -0.9339487 0.3574072 0 -0.9149738 0.4035134 0 -0.9149796 0.4035001 0 -0.8937255 0.4486144 0 -0.893742 0.4485814 0 -0.8702449 0.4926194 0 -0.8446005 0.5353972 0 -0.8168685 0.576824 0 -0.8169057 0.5767714 0 -0.7871143 0.6168072 0 -0.7871358 0.6167799 0 -0.7553885 0.6552773 0 -0.7217887 0.6921135 0 -0.7217883 0.6921139 0 -0.6864111 0.7272137 0 -0.6863893 0.7272343 0 -0.6492967 0.7605352 0 -0.6492848 0.7605455 0 -0.6105839 0.7919517 0 -0.6105709 0.7919617 0 -0.5703561 0.8213976 0 -0.5703325 0.8214141 0 -0.4857532 0.874096 0 -0.4415251 0.897249 0 -0.3962758 0.9181316 0 -0.350003 0.9367486 0 -0.3028923 0.9530248 0 -0.3028957 0.9530238 0 -0.2550156 0.966937 0 -0.2065022 0.9784461 0 -0.206498 0.978447 0 -0.1574608 0.9875252 0 -0.157464 0.9875248 0 -0.1080348 0.9941471 0 -0.008526861 0.9999637 0 -0.008527159 0.9999637 0 0.0910806 0.9958435 0 0.09108382 0.9958432 0 0.1406048 0.9900659 0 0.1405998 0.9900666 0 0.189789 0.981825 0 0.189795 0.9818238 0 0.2384702 0.9711499 0 0.3340077 0.9425703 0 0.3339895 0.9425768 0 0.3805659 0.9247539 0 0.3805555 0.9247581 0 0.4707391 0.8822726 0 0.5141381 0.8577075 0 0.5562591 0.831009 0 0.5969904 0.8022484 0 0.6362539 0.7714797 0 0.6362294 0.7715 0 0.7098783 0.7043245 0 0.7098987 0.7043038 0 0.7441104 0.6680569 0 0.7441185 0.6680477 0 0.7764757 0.6301472 0 0.7765034 0.6301131 0 0.8069295 0.5906478 0 0.806939 0.5906349 0 0.8617133 0.5073957 0 0.8859465 0.4637875 0 0.88596 0.4637618 0 0.9079664 0.4190432 0 0.9079669 0.4190418 0 0.9277173 0.3732838 0 0.9451783 0.3265549 0 0.960283 0.2790281 0 0.9832905 0.1820435 0 0.9911456 0.1327798 0 -3.11689e-4 0 1 3.56213e-4 0 1 -3.5621e-4 0 1 -2.67157e-4 0 1 -4.45267e-5 0 1 1.33579e-4 0 1 -4.89792e-4 0 1 -8.90531e-5 0 1 1.3358e-4 0 1 -6.53061e-4 0 0.9999999 8.9051e-5 0 1 4.23002e-4 0 1 -8.90525e-5 0 1 8.90544e-5 0 1 -2.8942e-4 0 1 -1.11317e-4 0 1 -2.00369e-4 0 1 -8.90514e-5 0 1 2.11502e-4 0 1 -8.90532e-5 0 1 7.79214e-5 0 1 1.78105e-4 0 1 -2.78288e-4 0 1 4.81448e-4 0 1 -8.90526e-5 0 1 4.37609e-4 0 1 3.26517e-4 0 1 2.17066e-4 0 1 -0.001306116 0 0.9999992 -8.90527e-5 0 1 1.63265e-4 0 1 -8.90533e-5 0 1 -1.3358e-4 0 1 4.45263e-5 0 1 -4.45265e-4 0 1 8.90527e-5 0 1 3.56212e-4 0 1 -8.9053e-5 0 1 2.22633e-4 0 1 -1.78105e-4 0 1 1.78105e-4 0 1 1.78107e-4 0 1 -3.11686e-4 0 1 2.67157e-4 0 1 -8.90523e-5 0 1 1.78105e-4 0 1 -2.67157e-4 0 1 -4.89796e-4 0 1 -2.22634e-4 0 1 6.53048e-4 0 0.9999999 -5.71431e-4 0 0.9999999 3.56213e-4 0 1 -1.63265e-4 0 1 2.44893e-4 0 1 -5.71419e-4 0 0.9999999 -4.89781e-4 0 1 6.12239e-4 0 0.9999998 -8.16312e-5 0 1 -1.22446e-4 0 1 -2.44896e-4 0 1 8.97954e-4 0 0.9999997 8.16324e-5 0 1 2.04077e-4 0 1 2.44895e-4 0 1 -1.7811e-4 0 1 -7.34697e-4 0 0.9999998 1.63262e-4 0 1 -2.44888e-4 0 1 1.22448e-4 0 1 5.10214e-4 0 0.9999999 8.16284e-5 0 1 8.16321e-5 0 1 5.51012e-4 0 1 -8.16316e-5 0 1 -2.24485e-4 0 1 8.90512e-5 0 1 -7.55098e-4 0 0.9999997 7.24473e-4 0 0.9999998 -3.06118e-4 0 1 1.04359e-5 0 1 1.12246e-4 0 1 8.1635e-5 0 1 -8.16335e-5 0 1 -8.90492e-5 0 1 8.08667e-4 0 0.9999997 -7.1242e-4 0 0.9999998 -7.12428e-4 0 0.9999998 6.88761e-4 0 0.9999998 -8.16278e-5 0 1 -5.71424e-4 0 0.9999999 -3.26516e-4 0 1 8.16331e-5 0 1 5.71421e-4 0 0.9999999 -7.75502e-4 0 0.9999998 1.63263e-4 0 1 1.63265e-4 0 1 5.71437e-4 0 1 -3.26535e-4 0 1 -1.63266e-4 0 1 1.22444e-4 0 1 -8.16315e-5 0 1 4.08163e-4 0 1 3.67347e-4 0 1 -6.53059e-4 0 0.9999999 -2.44891e-4 0 1 1.63261e-4 0 1 4.48987e-4 0 1 0.001020371 0 0.9999995 9.38763e-4 0 0.9999997 -8.97937e-4 0 0.9999996 -7.12433e-4 0 0.9999998 4.89783e-4 0 1 -9.14311e-4 0 -0.9999996 4.9584e-4 0 -1 -1.18906e-4 0 -1 7.29607e-5 0 -1 4.66949e-4 0 -0.9999999 9.86406e-4 0 -0.9999995 -9.91667e-4 0 -0.9999996 9.77756e-4 0 -0.9999996 -9.65964e-4 0 -0.9999995 -2.28578e-4 0 -1 -5.58029e-5 0 -1 -1.08728e-4 0 -1 -4.34919e-4 0 -1 4.57169e-4 0 -0.9999999 2.86448e-5 0 -1 2.47916e-4 0 -1 -4.88878e-4 0 -1 9.51234e-4 0 -0.9999996 -2.46602e-4 0 -1 1.24179e-4 0 -1 -1.23303e-4 0 -1 -4.57156e-4 0 -0.9999999 -1.16733e-4 0 -1 -9.65979e-4 0 -0.9999995 1.14291e-4 0 -1 -2.23211e-4 0 -1 -3.52386e-5 0 -1 3.17127e-4 0 -1 -1.05708e-4 0 -1 1.11603e-4 0 -1 -1.14289e-4 0 -1 9.33884e-4 0 -0.9999996 6.16497e-5 0 -1 -8.69825e-4 0 -0.9999997 4.22833e-4 0 -1 6.20902e-5 0 -1 -4.8889e-4 0 -0.9999999 6.64097e-4 0 -0.9999999 -7.13407e-4 0 -0.9999998 -0.02161651 0 0.9997664 -0.003603577 0 0.9999935 -0.003608822 0 0.9999935 0.005405306 0 0.9999854 0.00180459 0 0.9999984 0.04319554 0 0.9990667 -0.043181 0 0.9990673 -0.01442265 0 0.9998961 -0.001445293 0 0.9999991 -0.01442587 0 0.9998959 0.004348337 0 0.9999907 -0.04318827 0 0.999067 -0.00721836 0 0.999974 0.007210254 0 0.9999741 -0.02162384 0 0.9997662 -9.23471e-4 0 0.9999997 4.55993e-4 0 1 0.001098811 0 0.9999995 3.78483e-4 0 1 -0.002890527 0 0.9999959 0.01159131 0 0.9999329 -0.007206976 0 0.9999741 0.007220804 0 0.999974 -2.50242e-4 0 1 0.001572191 0 0.9999988 -0.001648008 0 0.9999987 0.001054346 0 0.9999995 -8.16663e-4 0 0.9999997 0.001523792 0 0.9999989 4.28002e-4 0 0.9999999 -3.70695e-4 0 1 7.52155e-4 0 0.9999998 -4.67551e-5 0 1 6.27745e-4 0 0.9999999 8.61781e-4 0 0.9999997 -0.001120269 0 0.9999994 1.60125e-4 0 1 8.51231e-4 0 0.9999997 0.02882653 0 0.9995844 -0.02882653 0 0.9995844 0.002704501 0 0.9999964 0.04317736 0 0.9990674 -0.008678555 0 0.9999623 0.007216036 0 0.999974 0.001350402 0 0.9999992 4.26082e-4 0 1 -0.02882009 0 0.9995846 6.7659e-4 0 0.9999998 -0.005397975 0 0.9999855 3.05085e-4 0 1 0.02161651 0 0.9997664 0.001803815 0 0.9999985 0.002075076 0 0.9999979 0.001037299 0 0.9999995 -1.20182e-4 0 1 -4.07115e-4 0 1 -9.9476e-5 0 1 -1.35933e-4 0 1 1.32573e-4 0 1 5.4278e-4 0 1 1.25017e-4 0 1 -2.37704e-4 0 1 -1.89506e-4 0 1 -2.00997e-4 0 1 -8.74905e-5 0 1 3.50517e-4 0 1 5.95437e-4 0 0.9999999 8.48203e-5 0 1 0.001084983 0 0.9999995 -0.001067876 0 0.9999995 0.001320123 0 0.9999992 -8.72665e-4 0 0.9999997 0.5906485 -0.806929 0 0.5906466 -0.8069305 0 0.9941466 0.1080395 0 0.4035111 0.9149748 0 0.4034846 0.9149865 0 -0.5906909 0.8068981 0 -0.5906042 0.8069614 0 -0.9941466 -0.1080405 0 -0.4035115 -0.9149747 0 -6.76583e-5 0 -1 1.35317e-4 0 -1 0.9998658 -0.01638776 0 0.9998654 -0.01641446 0 0.9767935 -0.2141836 0 0.9339659 -0.3573623 0 0.8446308 -0.5353492 0 0.8168848 -0.5768009 0 0.8168768 -0.5768123 0 0.7217878 -0.6921144 0 0.6864027 -0.7272216 0 0.5703471 -0.8214039 0 0.3029084 -0.9530197 0 0.2549979 -0.9669417 0 0.0583595 -0.9982957 0 0.008530557 -0.9999637 0 0.008530795 -0.9999637 0 -0.04133754 -0.9991453 0 -0.1897903 -0.9818248 0 -0.2384748 -0.9711488 0 -0.286601 -0.9580501 0 -0.2866125 -0.9580467 0 -0.4707372 -0.8822736 0 -0.5970088 -0.8022348 0 -0.6739093 -0.7388141 0 -0.7099056 -0.704297 0 -0.744098 -0.6680706 0 -0.8069274 -0.5906507 0 -0.8353766 -0.5496782 0 -0.861744 -0.5073434 0 -0.9729989 -0.2308096 0 -0.9729937 -0.2308318 0 -0.9832943 -0.1820232 0 -0.9911392 -0.1328272 0 -0.9998653 0.01641488 0 -0.9998654 0.0164147 0 -0.9932661 0.1158565 0 -0.9767861 0.2142172 0 -0.9506013 0.3104145 0 -0.9506157 0.3103705 0 -0.9339659 0.3573623 0 -0.8446031 0.5353931 0 -0.7870981 0.616828 0 -0.6864098 0.727215 0 -0.5703437 0.8214063 0 -0.302895 0.953024 0 -0.1574785 0.9875224 0 -0.1574727 0.9875234 0 -0.1080493 0.9941456 0 -0.108051 0.9941455 0 -0.05837345 0.9982948 0 -0.05837428 0.9982948 0 -0.00849235 0.9999639 0 0.2384996 0.9711427 0 0.2865888 0.9580538 0 0.5141321 0.8577111 0 0.5141271 0.8577139 0 0.5562674 0.8310035 0 0.7098924 0.7043102 0 0.8069228 0.590657 0 0.8353806 0.5496721 0 0.9729923 0.2308377 0 0.9729916 0.2308407 0 0.9965301 0.08323305 0 0.99944 0.03346574 0 0.8168822 -0.5768045 0 0.8168919 -0.5767908 0 0.78713 -0.6167871 0 0.7553797 -0.6552875 0 0.6105967 -0.7919417 0 0.5703186 -0.8214236 0 0.3962584 -0.9181391 0 0.255006 -0.9669395 0 0.2550015 -0.9669408 0 0.1080501 -0.9941455 0 0.157469 -0.987524 0 -0.1406178 -0.990064 0 -0.1406019 -0.9900663 0 -0.5562781 -0.8309962 0 -0.6362316 -0.7714983 0 -0.8859511 -0.4637786 0 -0.9451739 -0.3265676 0 -0.983291 -0.1820409 0 -0.9965313 -0.0832194 0 -0.9994402 -0.03345686 0 -0.9862527 0.1652444 0 -0.9767891 0.2142032 0 -0.8169008 0.5767783 0 -0.7871043 0.6168199 0 -0.7553936 0.6552714 0 -0.6105739 0.7919594 0 -0.5703421 0.8214073 0 -0.3029017 0.9530219 0 -0.2550207 0.9669356 0 -0.2064939 0.978448 0 0.1406027 0.9900661 0 0.1897813 0.9818264 0 0.2384749 0.9711487 0 0.333983 0.9425792 0 0.380573 0.9247509 0 0.3805482 0.9247612 0 0.5141291 0.8577129 0 0.5970053 0.8022374 0 0.7764707 0.6301534 0 0.8859643 0.4637537 0 0.9451751 0.3265641 0 0.9911415 0.1328102 0 -3.11686e-4 0 1 3.56216e-4 0 1 -3.56211e-4 0 1 0.001306056 0 0.9999992 -4.45268e-5 0 1 -8.90529e-5 0 1 4.23002e-4 0 1 8.90545e-5 0 1 -2.0037e-4 0 1 -8.90524e-5 0 1 2.115e-4 0 1 -8.90528e-5 0 1 1.78104e-4 0 1 -8.90523e-5 0 1 0.001306056 0 0.9999992 -2.30982e-4 0 1 3.26524e-4 0 1 2.17069e-4 0 1 -0.001306056 0 0.9999992 1.63259e-4 0 1 2.11499e-4 0 1 2.67159e-4 0 1 -8.16327e-5 0 1 -1.3358e-4 0 1 1.3358e-4 0 1 -4.08163e-5 0 1 -4.45269e-4 0 1 8.90529e-5 0 1 2.22634e-4 0 1 1.78109e-4 0 1 -3.11685e-4 0 1 2.67155e-4 0 1 -8.90533e-5 0 1 1.78107e-4 0 1 -2.67159e-4 0 1 -4.89794e-4 0 1 -5.71436e-4 0 0.9999999 8.16312e-5 0 1 -8.16319e-5 0 1 6.12245e-4 0 0.9999999 8.16327e-4 0 0.9999998 -2.44891e-4 0 1 8.16339e-5 0 1 -8.16318e-5 0 1 -7.34682e-4 0 0.9999998 -8.16336e-5 0 1 8.16326e-5 0 1 -7.55092e-4 0 0.9999997 5.10199e-4 0 1 -2.24487e-4 0 1 2.22633e-5 0 1 8.16306e-5 0 1 9.99989e-4 0 0.9999996 -7.55094e-4 0 0.9999998 7.12421e-4 0 0.9999998 2.22638e-5 0 1 -7.12421e-4 0 0.9999998 1.12243e-4 0 1 -8.16328e-5 0 1 8.08669e-4 0 0.9999997 -7.12422e-4 0 0.9999998 6.8877e-4 0 0.9999998 -7.12429e-4 0 0.9999998 -2.44899e-4 0 1 -0.00110203 0 0.9999995 5.71415e-4 0 1 7.12427e-4 0 0.9999998 1.63265e-4 0 1 3.26527e-4 0 1 -1.63264e-4 0 1 1.22449e-4 0 1 3.67343e-4 0 1 -6.53063e-4 0 0.9999998 1.63264e-4 0 1 -8.57135e-4 0 0.9999997 -2.44896e-4 0 1 7.12417e-4 0 0.9999998 -8.97943e-4 0 0.9999997 -2.85713e-4 0 1 -3.67347e-4 0 1 -1.18904e-4 0 -1 7.29618e-5 0 -1 -4.22822e-4 0 -1 4.66955e-4 0 -0.9999999 9.86398e-4 0 -0.9999996 -9.91686e-4 0 -0.9999996 9.77763e-4 0 -0.9999996 -5.58023e-5 0 -1 -1.08729e-4 0 -1 -4.34924e-4 0 -1 2.47912e-4 0 -1 -4.88885e-4 0 -0.9999999 -2.466e-4 0 -1 -1.23958e-4 0 -1 1.2418e-4 0 -1 -1.23301e-4 0 -1 -4.57162e-4 0 -0.9999999 -9.6595e-4 0 -0.9999995 -3.52386e-5 0 -1 3.17129e-4 0 -1 -1.05708e-4 0 -1 -1.14289e-4 0 -1 9.33911e-4 0 -0.9999996 6.165e-5 0 -1 6.20895e-5 0 -1 -4.88884e-4 0 -0.9999999 -7.1342e-4 0 -0.9999998 -0.02158737 0 0.9997671 -0.003602743 0 0.9999935 0.005408942 0 0.9999855 0.04321014 0 0.9990661 -0.04322469 0 0.9990654 -0.01441532 0 0.9998961 0.00434798 0 0.9999906 -0.04317373 0 0.9990676 -0.007219195 0 0.999974 -9.23496e-4 0 0.9999997 4.55985e-4 0 1 0.001098811 0 0.9999994 -0.02157282 0 0.9997673 -0.002891063 0 0.9999959 0.0115934 0 0.9999328 0.00721836 0 0.999974 0.001572132 0 0.9999988 -0.001648068 0 0.9999986 0.001054406 0 0.9999995 0.001523852 0 0.9999989 4.27981e-4 0 1 -4.6756e-5 0 1 6.27732e-4 0 0.9999999 8.61816e-4 0 0.9999997 -0.001120269 0 0.9999995 1.60122e-4 0 1 -0.008677124 0 0.9999625 0.007215619 0 0.999974 4.26079e-4 0 1 6.76704e-4 0 0.9999998 0.001803994 0 0.9999985 0.002075135 0 0.9999979 -4.07115e-4 0 1 -1.35933e-4 0 1 1.25017e-4 0 1 -2.37707e-4 0 1 -1.89507e-4 0 1 -2.00996e-4 0 1 -8.74905e-5 0 1 3.50524e-4 0 1 5.95424e-4 0 0.9999999 0.001084983 0 0.9999995 0.001320123 0 0.9999992 -8.72683e-4 0 0.9999997 0.5906471 -0.8069301 0 -0.590689 0.8068995 0 1.35316e-4 0 -1 0.9998654 -0.0164147 0 0.9998649 -0.0164414 0 0.9767867 -0.2142145 0 0.9339588 -0.3573811 0 0.8168936 -0.5767884 0 0.787111 -0.6168116 0 0.7217947 -0.6921072 0 0.6492811 -0.7605485 0 0.5703312 -0.8214148 0 0.302895 -0.953024 0 0.2550097 -0.9669385 0 0.1574768 -0.9875228 0 0.1080522 -0.9941452 0 0.108051 -0.9941455 0 0.058375 -0.9982947 0 0.008492112 -0.9999639 0 0.008491992 -0.9999639 0 -0.04131299 -0.9991463 0 -0.1897726 -0.9818282 0 -0.2384934 -0.9711442 0 -0.2865961 -0.9580516 0 -0.2865857 -0.9580547 0 -0.5141155 -0.857721 0 -0.5969876 -0.8022506 0 -0.6738902 -0.7388316 0 -0.8069354 -0.5906398 0 -0.9079602 -0.4190565 0 -0.9277158 -0.3732873 0 -0.9729916 -0.2308407 0 -0.9729983 -0.2308126 0 -0.9832904 -0.1820442 0 -0.9832999 -0.1819928 0 -0.9911455 -0.1327803 0 -0.9998658 0.01638793 0 -0.9998658 0.01638776 0 -0.9932627 0.1158841 0 -0.9932625 0.1158857 0 -0.9767929 0.2141864 0 -0.9506066 0.3103983 0 -0.9339553 0.3573899 0 -0.8937181 0.4486292 0 -0.7871159 0.6168051 0 -0.5703223 0.8214211 0 -0.3962872 0.9181267 0 -0.3962624 0.9181374 0 -0.3500304 0.9367383 0 -0.3500247 0.9367405 0 -0.2549849 0.9669451 0 -0.1080407 0.9941465 0 -0.108035 0.9941472 0 -0.0583626 0.9982955 0 0.09108221 0.9958434 0 0.09107816 0.9958438 0 0.2384748 0.9711488 0 0.2866228 0.9580436 0 0.5141584 0.8576953 0 0.5562368 0.8310238 0 0.7098857 0.7043169 0 0.80694 0.5906334 0 0.9079579 0.4190616 0 0.9079804 0.4190128 0 0.9277067 0.3733101 0 0.9729989 0.2308096 0 0.9729997 0.2308067 0 0.9965295 0.08323985 0 0.9994402 0.03345686 0 0.8169008 -0.5767783 0 0.8168637 -0.5768309 0 0.7871358 -0.6167799 0 0.7553988 -0.6552655 0 0.6105788 -0.7919555 0 0.5703421 -0.8214073 0 0.4415168 -0.8972529 0 0.2550207 -0.9669356 0 0.2065022 -0.9784461 0 0.1080472 -0.9941458 0 -0.1405998 -0.9900666 0 -0.1897989 -0.9818231 0 -0.5562543 -0.8310123 0 -0.6362539 -0.7714797 0 -0.7764809 -0.630141 0 -0.8859643 -0.4637537 0 -0.9451815 -0.3265457 0 -0.9832943 -0.1820235 0 -0.9965319 -0.08321261 0 -0.9994398 -0.03346848 0 -0.9862465 0.1652812 0 -0.9767889 0.2142044 0 -0.8168919 0.5767908 0 -0.78713 0.6167871 0 -0.7553797 0.6552875 0 -0.6105967 0.7919417 0 -0.5703186 0.8214236 0 -0.3029051 0.9530208 0 -0.255006 0.9669395 0 -0.2064923 0.9784482 0 0.1406149 0.9900644 0 0.189784 0.981826 0 0.2384799 0.9711474 0 0.3339803 0.9425801 0 0.3805747 0.9247502 0 0.3805643 0.9247545 0 0.514123 0.8577166 0 0.5970037 0.8022386 0 0.7764921 0.6301271 0 0.8859511 0.4637786 0 0.9451739 0.3265676 0 0.9911449 0.1327853 0 2.67157e-4 0 1 -1.78104e-4 0 1 1.11317e-4 0 1 1.78106e-4 0 1 2.00369e-4 0 1 -1.89238e-4 0 1 -8.90546e-5 0 1 -2.78288e-4 0 1 -8.90536e-5 0 1 -0.001306056 0 0.9999992 -0.001306056 0 0.9999992 2.17066e-4 0 1 -1.89239e-4 0 1 -1.33578e-4 0 1 0.001306116 0 0.9999992 -4.45268e-4 0 1 2.22632e-4 0 1 -1.33579e-4 0 1 4.45267e-5 0 1 1.3358e-4 0 1 -1.33579e-4 0 1 -2.67155e-4 0 1 -4.89789e-4 0 0.9999999 1.63261e-4 0 1 -8.1631e-5 0 1 2.44888e-4 0 1 -1.2245e-4 0 1 -1.2245e-4 0 1 2.04076e-4 0 1 -1.63263e-4 0 1 -8.16314e-5 0 1 5.71433e-4 0 1 2.44904e-4 0 1 -7.95931e-4 0 0.9999997 -3.87746e-4 0 1 7.14266e-4 0 0.9999998 5.51021e-4 0 1 8.16293e-5 0 1 4.28565e-4 0 1 1.04357e-5 0 1 -1.63268e-4 0 1 6.83679e-4 0 0.9999998 8.16351e-5 0 1 -8.16288e-5 0 1 5.255e-4 0 1 4.00508e-4 0 1 -7.12419e-4 0 0.9999998 -7.12426e-4 0 0.9999998 -1.63264e-4 0 1 5.30605e-4 0 0.9999999 -2.44895e-4 0 1 -3.67341e-4 0 1 1.63261e-4 0 1 -1.63269e-4 0 1 -3.56217e-4 0 1 1.63259e-4 0 1 -1.63267e-4 0 1 1.22442e-4 0 1 3.26531e-4 0 1 3.67342e-4 0 1 -6.53055e-4 0 0.9999998 -8.16313e-5 0 1 -0.001020371 0 0.9999995 -7.34673e-4 0 0.9999998 2.04077e-4 0 1 -9.65942e-4 0 -0.9999995 3.52386e-5 0 -1 9.65979e-4 0 -0.9999995 -2.23207e-4 0 -1 1.08729e-4 0 -1 -5.28532e-5 0 -1 -4.22839e-4 0 -1 1.23303e-4 0 -1 -2.48359e-4 0 -1 4.93195e-4 0 -0.9999999 4.82982e-4 0 -1 -9.5122e-4 0 -0.9999996 -1.23957e-4 0 -1 -2.47916e-4 0 -1 4.57156e-4 0 -0.9999999 -4.66955e-4 0 -0.9999999 1.16736e-4 0 -1 -3.42875e-4 0 -1 -9.86417e-4 0 -0.9999996 9.91658e-4 0 -0.9999995 -1.05706e-4 0 -1 3.17131e-4 0 -1 -1.16738e-4 0 -1 1.18903e-4 0 -1 1.84949e-4 0 -1 -2.47921e-4 0 -1 6.20901e-5 0 -1 -1.23956e-4 0 -1 1.23302e-4 0 -1 9.14321e-4 0 -0.9999997 2.37804e-4 0 -1 0.005397975 0 0.9999855 0.001801788 0 0.9999985 -0.0144186 0 0.9998961 0.004347741 0 0.9999906 0.007221639 0 0.999974 -9.23496e-4 0 0.9999996 4.55987e-4 0 1 0.001098811 0 0.9999994 -0.007208585 0 0.999974 0.001351237 0 0.9999991 -4.49231e-4 0 1 2.06002e-4 0 1 -5.27185e-4 0 1 -0.001569271 0 0.9999988 -4.67553e-5 0 1 -0.002241909 0 0.9999976 0.001465022 0 0.999999 -0.001701176 0 0.9999986 0.001280963 0 0.9999992 -0.02164578 0 0.9997657 0.04314464 0 0.9990689 -0.02882575 0 0.9995845 0.004339039 0 0.9999907 -0.01443338 0 0.9998959 0.02882492 0 0.9995846 -4.26081e-4 0 1 6.76361e-4 0 0.9999998 -0.005405306 0 0.9999854 0.01081746 0 0.9999415 -0.003605186 0 0.9999935 0.001804232 0 0.9999984 -0.002075076 0 0.9999979 4.57472e-5 0 1 -1.20183e-4 0 1 -9.94759e-5 0 1 4.53114e-5 0 1 -9.61666e-6 0 1 1.82852e-5 0 1 -2.52674e-4 0 1 4.27244e-4 0 1 -4.04447e-4 0 1 5.95427e-4 0 0.9999999 3.0603e-4 0 1 -0.001074492 0 0.9999995 0.001569211 0 0.9999988 0.5906909 -0.8068981 0 0.5906042 -0.8069614 0 -0.5906485 0.806929 0</float_array>
          <technique_common>
            <accessor source="#geometry_697cd7e1_2389_491c_bade_f195235f2ca6-mesh-normals-array" count="1836" stride="3">
              <param name="X" type="float" />
              <param name="Y" type="float" />
              <param name="Z" type="float" />
            </accessor>
          </technique_common>
        </source>
        <vertices id="geometry_697cd7e1_2389_491c_bade_f195235f2ca6-mesh-vertices">
          <input semantic="POSITION" source="#geometry_697cd7e1_2389_491c_bade_f195235f2ca6-mesh-positions" />
        </vertices>
        <triangles material="mat_1_007-material" count="4112">
          <input semantic="VERTEX" source="#geometry_697cd7e1_2389_491c_bade_f195235f2ca6-mesh-vertices" offset="0" />
          <input semantic="NORMAL" source="#geometry_697cd7e1_2389_491c_bade_f195235f2ca6-mesh-normals" offset="1" />
          <p>0 0 1 0 2 0 3 1 0 1 2 1 4 2 2 2 5 2 4 3 3 3 2 3 6 4 5 4 7 4 6 5 4 5 5 5 8 6 7 6 9 6 8 7 6 7 7 7 10 8 9 8 11 8 10 8 8 8 9 8 12 9 11 9 13 9 12 10 10 10 11 10 14 11 13 11 15 11 14 12 12 12 13 12 16 13 15 13 17 13 16 14 14 14 15 14 18 15 17 15 19 15 18 16 16 16 17 16 20 17 19 17 21 17 20 18 18 18 19 18 22 19 20 19 21 19 22 20 21 20 23 20 24 21 22 21 23 21 24 22 23 22 25 22 26 23 24 23 25 23 26 24 25 24 27 24 28 25 26 25 27 25 28 26 27 26 29 26 30 27 28 27 29 27 30 28 29 28 31 28 32 29 30 29 31 29 32 29 31 29 33 29 34 30 32 30 33 30 34 31 33 31 35 31 36 32 34 32 35 32 36 32 35 32 37 32 38 33 36 33 37 33 38 34 37 34 39 34 40 35 38 35 39 35 40 35 39 35 41 35 42 36 40 36 41 36 42 37 41 37 43 37 44 38 42 38 43 38 44 39 43 39 45 39 46 40 45 40 47 40 46 40 44 40 45 40 48 41 47 41 49 41 48 42 46 42 47 42 50 43 49 43 51 43 50 44 48 44 49 44 52 45 51 45 53 45 52 46 50 46 51 46 54 47 53 47 55 47 54 48 52 48 53 48 56 49 55 49 57 49 56 50 54 50 55 50 58 51 57 51 59 51 58 52 56 52 57 52 60 53 59 53 61 53 60 54 58 54 59 54 62 55 61 55 63 55 62 56 60 56 61 56 64 57 63 57 65 57 64 58 62 58 63 58 66 59 65 59 67 59 66 60 64 60 65 60 68 61 67 61 69 61 68 62 66 62 67 62 70 63 69 63 71 63 70 64 68 64 69 64 72 65 71 65 73 65 72 66 70 66 71 66 74 67 72 67 73 67 74 68 73 68 75 68 76 69 74 69 75 69 76 69 75 69 77 69 78 70 76 70 77 70 78 71 77 71 79 71 80 72 78 72 79 72 80 73 79 73 81 73 82 74 80 74 81 74 82 75 81 75 83 75 84 76 82 76 83 76 84 77 83 77 85 77 86 78 84 78 85 78 86 78 85 78 87 78 88 79 86 79 87 79 88 80 87 80 89 80 90 81 88 81 89 81 90 82 89 82 91 82 92 83 90 83 91 83 92 84 91 84 93 84 94 85 92 85 93 85 94 86 93 86 95 86 96 87 94 87 95 87 96 88 95 88 97 88 98 89 96 89 97 89 98 90 97 90 99 90 100 91 98 91 99 91 100 92 99 92 101 92 102 93 100 93 101 93 102 94 101 94 103 94 104 95 102 95 103 95 104 95 103 95 105 95 106 96 104 96 105 96 106 96 105 96 107 96 108 97 106 97 107 97 108 98 107 98 109 98 110 99 108 99 109 99 110 100 109 100 111 100 112 101 110 101 111 101 112 102 111 102 113 102 114 103 112 103 113 103 114 104 113 104 115 104 116 105 115 105 117 105 116 106 114 106 115 106 118 107 117 107 119 107 118 108 116 108 117 108 120 109 119 109 121 109 120 110 118 110 119 110 122 111 121 111 123 111 122 112 120 112 121 112 124 113 122 113 123 113 124 113 123 113 125 113 126 114 124 114 125 114 126 115 125 115 127 115 128 116 126 116 127 116 128 117 127 117 129 117 130 118 128 118 129 118 130 119 129 119 131 119 132 120 130 120 131 120 132 121 131 121 133 121 134 122 132 122 133 122 134 123 133 123 135 123 136 124 134 124 135 124 136 125 135 125 137 125 138 126 136 126 137 126 138 127 137 127 139 127 138 128 139 128 140 128 141 129 138 129 140 129 142 130 141 130 140 130 142 131 140 131 143 131 144 132 142 132 143 132 144 133 143 133 145 133 144 134 145 134 146 134 147 135 144 135 146 135 148 136 147 136 146 136 148 137 146 137 149 137 150 138 149 138 151 138 150 139 148 139 149 139 152 140 151 140 153 140 152 140 150 140 151 140 154 141 153 141 155 141 154 142 152 142 153 142 156 143 155 143 157 143 156 144 154 144 155 144 158 145 157 145 159 145 158 146 156 146 157 146 160 147 159 147 161 147 160 148 158 148 159 148 162 149 161 149 163 149 162 150 160 150 161 150 164 151 163 151 165 151 164 152 162 152 163 152 166 153 165 153 167 153 166 154 167 154 168 154 166 153 164 153 165 153 169 155 166 155 168 155 170 156 168 156 171 156 170 157 169 157 168 157 172 158 171 158 173 158 172 158 170 158 171 158 174 159 173 159 175 159 174 160 172 160 173 160 176 161 174 161 175 161 176 162 175 162 177 162 178 163 176 163 177 163 178 164 177 164 179 164 180 165 178 165 179 165 180 166 179 166 181 166 182 167 180 167 181 167 182 168 181 168 183 168 184 169 183 169 185 169 184 169 182 169 183 169 186 170 185 170 187 170 186 171 184 171 185 171 188 172 187 172 189 172 188 173 186 173 187 173 190 174 189 174 191 174 190 174 188 174 189 174 192 175 191 175 193 175 192 175 190 175 191 175 194 176 193 176 195 176 194 177 192 177 193 177 196 178 195 178 197 178 196 178 194 178 195 178 198 179 197 179 199 179 198 180 199 180 200 180 198 181 196 181 197 181 201 182 198 182 200 182 202 183 200 183 203 183 202 183 201 183 200 183 204 184 203 184 205 184 204 185 202 185 203 185 206 186 205 186 207 186 206 187 204 187 205 187 208 188 207 188 209 188 208 189 206 189 207 189 210 190 209 190 211 190 210 191 208 191 209 191 212 192 211 192 213 192 212 192 210 192 211 192 214 193 213 193 215 193 214 194 212 194 213 194 216 195 215 195 217 195 216 195 214 195 215 195 218 196 217 196 219 196 218 197 216 197 217 197 220 198 219 198 221 198 220 198 218 198 219 198 222 199 221 199 223 199 222 200 220 200 221 200 224 201 223 201 225 201 224 201 222 201 223 201 226 202 224 202 225 202 226 203 225 203 227 203 228 204 226 204 227 204 228 205 227 205 229 205 230 206 228 206 229 206 230 206 229 206 231 206 232 207 230 207 231 207 232 207 231 207 233 207 234 208 232 208 233 208 234 209 233 209 235 209 236 210 234 210 235 210 236 211 235 211 237 211 238 212 236 212 237 212 238 213 237 213 239 213 240 214 238 214 239 214 240 215 239 215 241 215 242 216 240 216 241 216 242 217 241 217 243 217 244 218 242 218 243 218 244 219 243 219 245 219 246 220 244 220 245 220 246 221 245 221 247 221 248 222 246 222 247 222 248 223 247 223 249 223 250 224 249 224 251 224 250 225 248 225 249 225 0 226 251 226 1 226 0 227 250 227 251 227 252 228 253 228 254 228 255 229 254 229 256 229 255 230 252 230 254 230 257 231 256 231 258 231 257 232 255 232 256 232 259 233 258 233 260 233 259 234 257 234 258 234 261 235 260 235 262 235 261 236 259 236 260 236 263 237 262 237 264 237 263 238 261 238 262 238 265 239 264 239 266 239 265 240 263 240 264 240 267 241 266 241 268 241 267 239 265 239 266 239 269 242 268 242 270 242 269 243 267 243 268 243 271 244 270 244 272 244 271 245 269 245 270 245 273 246 272 246 274 246 273 247 271 247 272 247 275 248 273 248 274 248 275 249 274 249 276 249 277 250 275 250 276 250 277 251 276 251 278 251 279 252 277 252 278 252 279 253 278 253 280 253 281 254 279 254 280 254 281 255 280 255 282 255 283 256 281 256 282 256 283 257 282 257 284 257 285 258 283 258 284 258 285 259 284 259 286 259 287 260 285 260 286 260 287 261 286 261 288 261 289 262 287 262 288 262 289 263 288 263 290 263 291 264 290 264 292 264 291 265 289 265 290 265 293 266 291 266 292 266 293 267 292 267 294 267 295 268 294 268 296 268 295 269 293 269 294 269 297 270 296 270 298 270 297 271 295 271 296 271 299 272 298 272 300 272 299 273 297 273 298 273 301 274 300 274 302 274 301 275 299 275 300 275 303 276 302 276 304 276 303 277 301 277 302 277 305 278 304 278 306 278 305 279 303 279 304 279 307 280 306 280 308 280 307 281 305 281 306 281 309 282 308 282 310 282 309 283 307 283 308 283 311 284 310 284 312 284 311 285 309 285 310 285 313 286 312 286 314 286 313 284 311 284 312 284 315 287 314 287 316 287 315 288 313 288 314 288 317 289 316 289 318 289 317 290 315 290 316 290 319 291 318 291 320 291 319 292 317 292 318 292 321 293 320 293 322 293 321 294 319 294 320 294 323 295 322 295 324 295 323 296 321 296 322 296 325 297 323 297 324 297 325 298 324 298 326 298 327 299 325 299 326 299 327 300 326 300 328 300 329 301 327 301 328 301 329 302 328 302 330 302 331 303 330 303 332 303 331 304 329 304 330 304 333 305 332 305 334 305 333 306 331 306 332 306 335 307 334 307 336 307 335 308 333 308 334 308 337 309 336 309 338 309 337 310 335 310 336 310 339 311 338 311 340 311 339 309 337 309 338 309 341 312 340 312 342 312 341 313 339 313 340 313 343 314 342 314 344 314 343 315 341 315 342 315 345 316 344 316 346 316 345 317 343 317 344 317 347 318 346 318 348 318 347 319 345 319 346 319 349 320 348 320 350 320 349 321 347 321 348 321 351 322 350 322 352 322 351 323 349 323 350 323 353 324 352 324 354 324 353 325 351 325 352 325 355 326 354 326 356 326 355 327 353 327 354 327 357 328 355 328 356 328 357 329 356 329 358 329 359 330 357 330 358 330 359 331 358 331 360 331 361 332 359 332 360 332 361 333 360 333 362 333 363 334 361 334 362 334 363 335 362 335 364 335 365 336 363 336 364 336 365 337 364 337 366 337 367 338 365 338 366 338 367 339 366 339 368 339 369 340 367 340 368 340 369 341 368 341 370 341 371 342 370 342 372 342 371 343 369 343 370 343 373 344 372 344 374 344 373 345 371 345 372 345 375 346 374 346 376 346 375 344 373 344 374 344 377 347 376 347 378 347 377 346 375 346 376 346 379 348 377 348 378 348 380 349 379 349 378 349 380 350 378 350 381 350 382 351 380 351 381 351 382 352 381 352 383 352 384 353 382 353 383 353 384 354 383 354 385 354 386 355 384 355 385 355 386 356 385 356 387 356 388 357 386 357 387 357 388 358 387 358 389 358 390 359 388 359 389 359 390 360 389 360 391 360 392 361 390 361 391 361 392 362 391 362 393 362 394 363 392 363 393 363 394 364 393 364 395 364 396 365 394 365 395 365 396 366 395 366 397 366 398 367 396 367 397 367 398 368 397 368 399 368 400 369 398 369 399 369 400 370 399 370 401 370 402 371 400 371 401 371 402 372 401 372 403 372 404 373 402 373 403 373 404 374 403 374 405 374 406 375 404 375 405 375 406 376 405 376 407 376 408 377 406 377 407 377 408 378 407 378 409 378 410 379 408 379 409 379 410 379 409 379 411 379 412 380 411 380 413 380 412 381 410 381 411 381 414 382 412 382 413 382 414 383 413 383 415 383 416 384 415 384 417 384 416 385 414 385 415 385 418 386 417 386 419 386 418 387 416 387 417 387 420 388 419 388 421 388 420 389 418 389 419 389 422 390 421 390 423 390 422 391 420 391 421 391 424 392 423 392 425 392 424 393 422 393 423 393 426 394 424 394 425 394 426 395 425 395 427 395 428 396 426 396 427 396 428 396 427 396 429 396 430 397 428 397 429 397 430 398 429 398 431 398 432 399 430 399 431 399 432 400 431 400 433 400 434 401 432 401 433 401 434 402 433 402 435 402 436 403 434 403 435 403 436 404 435 404 437 404 438 405 436 405 437 405 438 406 437 406 439 406 440 407 438 407 439 407 440 408 439 408 441 408 442 409 440 409 441 409 442 410 441 410 443 410 444 411 442 411 443 411 444 411 443 411 445 411 446 412 444 412 445 412 446 413 445 413 447 413 448 414 446 414 447 414 448 415 447 415 449 415 450 416 448 416 449 416 450 417 449 417 451 417 452 418 451 418 453 418 452 419 450 419 451 419 454 420 452 420 453 420 454 421 453 421 455 421 456 422 455 422 457 422 456 422 454 422 455 422 458 423 457 423 459 423 458 424 456 424 457 424 460 425 459 425 461 425 460 426 458 426 459 426 462 427 461 427 463 427 462 428 460 428 461 428 464 429 463 429 465 429 464 429 462 429 463 429 466 430 465 430 467 430 466 431 464 431 465 431 468 432 467 432 469 432 468 433 466 433 467 433 470 434 469 434 471 434 470 435 468 435 469 435 472 436 471 436 473 436 472 437 470 437 471 437 474 438 473 438 475 438 474 439 472 439 473 439 476 440 475 440 477 440 476 441 474 441 475 441 478 442 476 442 477 442 478 443 477 443 479 443 480 444 478 444 479 444 480 445 479 445 481 445 482 446 480 446 481 446 482 446 481 446 483 446 484 447 482 447 483 447 484 448 483 448 485 448 486 449 484 449 485 449 486 450 485 450 487 450 488 451 486 451 487 451 488 452 487 452 489 452 490 453 488 453 489 453 490 454 489 454 491 454 492 455 491 455 493 455 492 456 490 456 491 456 494 457 492 457 493 457 494 458 493 458 495 458 496 459 495 459 497 459 496 460 494 460 495 460 498 461 497 461 499 461 498 462 496 462 497 462 500 463 499 463 501 463 500 463 498 463 499 463 502 464 501 464 503 464 502 465 500 465 501 465 252 466 503 466 253 466 252 467 502 467 503 467 96 468 348 468 346 468 96 468 346 468 94 468 92 469 346 469 344 469 92 468 94 468 346 468 98 468 348 468 96 468 98 470 350 470 348 470 90 471 92 471 344 471 90 472 344 472 342 472 100 468 350 468 98 468 100 473 352 473 350 473 88 468 90 468 342 468 88 474 342 474 340 474 102 468 352 468 100 468 102 473 354 473 352 473 86 468 88 468 340 468 86 475 340 475 338 475 104 476 354 476 102 476 104 477 356 477 354 477 84 478 338 478 336 478 84 468 86 468 338 468 106 479 356 479 104 479 106 480 358 480 356 480 82 468 84 468 336 468 82 481 336 481 334 481 108 468 358 468 106 468 108 482 360 482 358 482 80 468 82 468 334 468 80 483 334 483 332 483 110 468 360 468 108 468 110 484 362 484 360 484 78 468 80 468 332 468 78 485 332 485 330 485 112 468 362 468 110 468 112 486 364 486 362 486 76 468 78 468 330 468 76 487 330 487 328 487 114 484 366 484 364 484 114 468 364 468 112 468 74 468 76 468 328 468 74 488 328 488 326 488 116 468 366 468 114 468 116 489 368 489 366 489 72 490 74 490 326 490 72 491 326 491 324 491 118 492 370 492 368 492 118 468 368 468 116 468 70 493 324 493 322 493 70 468 72 468 324 468 120 468 370 468 118 468 120 494 372 494 370 494 68 495 70 495 322 495 68 496 322 496 320 496 68 497 320 497 318 497 122 468 374 468 372 468 122 468 372 468 120 468 66 468 68 468 318 468 124 468 376 468 374 468 124 468 374 468 122 468 64 498 318 498 316 498 64 468 66 468 318 468 126 468 376 468 124 468 126 468 378 468 376 468 62 499 64 499 316 499 62 488 316 488 314 488 128 468 383 468 381 468 128 468 381 468 378 468 128 468 378 468 126 468 60 468 62 468 314 468 60 500 314 500 312 500 130 468 383 468 128 468 58 501 60 501 312 501 58 502 312 502 310 502 132 468 385 468 383 468 132 503 383 503 130 503 56 468 58 468 310 468 56 504 310 504 308 504 134 503 385 503 132 503 134 468 387 468 385 468 54 468 56 468 308 468 54 505 308 505 306 505 136 468 387 468 134 468 136 468 389 468 387 468 52 468 54 468 306 468 52 506 306 506 304 506 138 468 389 468 136 468 138 468 391 468 389 468 50 507 304 507 302 507 50 468 52 468 304 468 141 468 391 468 138 468 141 508 393 508 391 508 48 509 302 509 300 509 48 468 50 468 302 468 142 510 393 510 141 510 142 511 395 511 393 511 46 512 300 512 298 512 46 513 48 513 300 513 144 514 397 514 395 514 144 510 395 510 142 510 44 515 298 515 296 515 44 468 46 468 298 468 147 468 401 468 399 468 147 516 399 516 397 516 147 468 397 468 144 468 42 517 296 517 294 517 42 518 44 518 296 518 148 468 401 468 147 468 40 468 294 468 292 468 40 468 42 468 294 468 150 519 403 519 401 519 150 468 401 468 148 468 38 520 292 520 290 520 38 518 40 518 292 518 152 521 405 521 403 521 152 468 403 468 150 468 36 522 290 522 288 522 36 468 38 468 290 468 154 523 407 523 405 523 154 468 405 468 152 468 34 524 288 524 286 524 34 525 36 525 288 525 156 468 409 468 407 468 156 468 407 468 154 468 32 526 286 526 284 526 32 468 34 468 286 468 411 527 156 527 158 527 411 528 409 528 156 528 282 529 30 529 32 529 282 530 32 530 284 530 28 468 30 468 282 468 413 531 411 531 158 531 413 532 160 532 162 532 413 533 158 533 160 533 280 470 28 470 282 470 415 468 413 468 162 468 278 534 28 534 280 534 278 535 26 535 28 535 278 536 24 536 26 536 417 468 415 468 162 468 417 537 164 537 166 537 417 538 162 538 164 538 276 470 24 470 278 470 419 468 417 468 166 468 274 468 24 468 276 468 274 539 22 539 24 539 421 468 419 468 166 468 421 540 166 540 169 540 272 541 20 541 22 541 272 468 22 468 274 468 423 468 421 468 169 468 423 542 169 542 170 542 270 468 20 468 272 468 270 468 18 468 20 468 270 543 16 543 18 543 425 544 170 544 172 544 425 468 423 468 170 468 268 468 16 468 270 468 427 545 172 545 174 545 427 468 425 468 172 468 266 546 14 546 16 546 266 468 16 468 268 468 429 468 427 468 174 468 429 547 176 547 178 547 429 548 174 548 176 548 264 549 12 549 14 549 264 468 10 468 12 468 264 550 14 550 266 550 431 551 429 551 178 551 262 552 8 552 10 552 262 468 10 468 264 468 433 553 431 553 178 553 433 554 180 554 182 554 433 555 178 555 180 555 260 468 8 468 262 468 435 468 433 468 182 468 258 468 6 468 8 468 258 468 8 468 260 468 437 468 435 468 182 468 437 556 182 556 184 556 256 557 4 557 6 557 256 558 6 558 258 558 439 559 184 559 186 559 439 468 437 468 184 468 254 468 3 468 4 468 254 560 4 560 256 560 441 561 186 561 188 561 441 468 439 468 186 468 253 468 3 468 254 468 253 468 0 468 3 468 443 562 188 562 190 562 443 468 441 468 188 468 503 563 250 563 0 563 503 564 248 564 250 564 503 565 0 565 253 565 445 566 190 566 192 566 445 468 443 468 190 468 501 567 246 567 248 567 501 468 248 468 503 468 447 568 192 568 194 568 447 569 445 569 192 569 499 570 246 570 501 570 449 542 196 542 198 542 449 571 194 571 196 571 449 468 447 468 194 468 497 468 246 468 499 468 497 572 244 572 246 572 451 573 198 573 201 573 451 468 449 468 198 468 495 574 242 574 244 574 495 575 244 575 497 575 453 468 451 468 201 468 493 576 240 576 242 576 493 577 238 577 240 577 493 468 242 468 495 468 455 468 453 468 201 468 455 578 202 578 204 578 455 579 201 579 202 579 491 468 238 468 493 468 457 468 455 468 204 468 489 470 238 470 491 470 489 580 236 580 238 580 489 581 234 581 236 581 459 582 206 582 208 582 459 583 204 583 206 583 459 468 457 468 204 468 487 468 234 468 489 468 461 468 459 468 208 468 461 584 208 584 210 584 485 468 234 468 487 468 485 468 232 468 234 468 463 585 461 585 210 585 463 586 210 586 212 586 483 468 232 468 485 468 483 587 230 587 232 587 465 468 463 468 212 468 481 468 230 468 483 468 481 588 228 588 230 588 467 589 465 589 212 589 467 590 212 590 214 590 479 468 228 468 481 468 479 591 226 591 228 591 479 592 224 592 226 592 469 468 467 468 214 468 469 593 214 593 216 593 477 530 224 530 479 530 471 594 216 594 218 594 471 468 469 468 216 468 475 595 222 595 224 595 475 551 224 551 477 551 473 596 220 596 222 596 473 597 218 597 220 597 473 598 471 598 218 598 473 468 222 468 475 468 504 599 505 599 506 599 507 599 505 599 504 599 508 599 505 599 507 599 509 599 505 599 508 599 510 599 505 599 509 599 511 600 505 600 510 600 512 601 505 601 511 601 513 599 505 599 512 599 514 599 505 599 513 599 515 599 505 599 514 599 516 599 505 599 515 599 517 599 505 599 516 599 518 599 505 599 517 599 519 599 505 599 518 599 520 599 505 599 519 599 521 599 505 599 520 599 522 602 505 602 521 602 523 603 505 603 522 603 524 604 505 604 523 604 525 599 505 599 524 599 526 599 505 599 525 599 527 605 528 605 529 605 530 599 528 599 527 599 531 599 528 599 530 599 532 606 528 606 531 606 506 599 528 599 532 599 505 607 528 607 506 607 533 599 528 599 534 599 535 608 528 608 533 608 536 609 528 609 535 609 537 599 528 599 536 599 538 599 528 599 537 599 539 599 528 599 538 599 540 599 528 599 539 599 541 599 528 599 540 599 542 599 528 599 541 599 543 599 528 599 542 599 544 599 528 599 543 599 529 599 528 599 544 599 528 610 545 610 534 610 528 611 546 611 545 611 528 612 547 612 546 612 528 613 548 613 547 613 549 614 550 614 526 614 551 599 550 599 549 599 552 599 550 599 551 599 553 599 550 599 552 599 554 599 550 599 553 599 555 599 550 599 554 599 556 599 550 599 555 599 557 615 550 615 556 615 558 616 550 616 557 616 559 599 550 599 558 599 560 617 550 617 559 617 561 599 550 599 560 599 526 599 550 599 505 599 561 618 562 618 550 618 562 599 563 599 550 599 563 599 564 599 550 599 564 599 565 599 550 599 565 599 566 599 550 599 566 599 567 599 550 599 528 599 568 599 548 599 569 619 568 619 570 619 571 620 568 620 569 620 572 621 568 621 571 621 573 599 568 599 572 599 574 599 568 599 573 599 575 599 568 599 574 599 576 599 568 599 575 599 548 599 568 599 576 599 567 599 577 599 550 599 568 599 578 599 570 599 577 599 579 599 550 599 568 622 580 622 578 622 579 599 581 599 550 599 568 599 582 599 580 599 568 623 583 623 582 623 568 599 584 599 583 599 585 599 586 599 581 599 587 599 586 599 585 599 588 599 586 599 587 599 581 599 586 599 550 599 568 599 589 599 584 599 588 624 590 624 586 624 568 599 591 599 589 599 590 625 592 625 586 625 568 599 593 599 591 599 592 599 594 599 586 599 568 626 595 626 593 626 594 599 596 599 586 599 568 627 597 627 595 627 596 628 598 628 586 628 568 629 599 629 597 629 598 630 600 630 586 630 568 631 601 631 599 631 600 632 602 632 586 632 603 633 604 633 568 633 568 634 604 634 601 634 602 599 605 599 586 599 603 635 606 635 604 635 605 599 607 599 586 599 603 599 608 599 606 599 607 599 609 599 586 599 603 636 610 636 608 636 609 637 611 637 586 637 603 599 612 599 610 599 611 638 613 638 586 638 603 639 614 639 612 639 613 599 615 599 586 599 603 640 616 640 614 640 615 599 617 599 586 599 603 641 618 641 616 641 617 599 619 599 586 599 603 599 620 599 618 599 619 599 621 599 586 599 603 642 622 642 620 642 621 599 623 599 586 599 603 643 624 643 622 643 586 599 625 599 603 599 623 599 625 599 586 599 603 644 626 644 624 644 625 599 627 599 603 599 603 645 628 645 626 645 627 599 629 599 603 599 603 646 630 646 628 646 629 599 631 599 603 599 603 599 632 599 630 599 631 647 633 647 603 647 603 648 634 648 632 648 633 599 635 599 603 599 603 649 635 649 634 649 636 650 637 650 638 650 639 651 640 651 641 651 639 468 641 468 642 468 643 468 644 468 645 468 643 652 645 652 646 652 643 653 646 653 647 653 648 654 649 654 650 654 651 468 649 468 648 468 652 468 651 468 653 468 654 655 655 655 656 655 654 468 656 468 657 468 658 656 659 656 660 656 661 468 662 468 663 468 664 468 665 468 666 468 664 657 666 657 658 657 667 468 661 468 668 468 669 658 662 658 661 658 669 659 661 659 667 659 669 660 654 660 662 660 670 468 671 468 664 468 672 661 673 661 670 661 674 662 672 662 670 662 674 663 675 663 672 663 676 468 669 468 677 468 676 664 677 664 678 664 676 665 678 665 679 665 676 468 679 468 680 468 681 666 682 666 674 666 683 468 676 468 684 468 685 667 658 667 660 667 685 668 664 668 658 668 685 669 681 669 674 669 685 670 670 670 664 670 685 671 674 671 670 671 685 666 686 666 681 666 685 672 660 672 687 672 688 468 683 468 689 468 690 468 683 468 688 468 690 468 676 468 683 468 691 468 676 468 690 468 692 468 676 468 691 468 693 468 694 468 695 468 693 673 695 673 696 673 693 468 696 468 685 468 693 674 636 674 638 674 693 675 687 675 697 675 693 676 697 676 698 676 693 468 698 468 699 468 693 677 699 677 700 677 693 678 700 678 701 678 693 679 701 679 702 679 693 680 702 680 643 680 693 681 643 681 647 681 693 682 647 682 636 682 693 683 638 683 703 683 693 684 703 684 704 684 693 685 704 685 705 685 693 686 705 686 706 686 693 687 706 687 707 687 693 688 707 688 708 688 693 468 685 468 687 468 709 468 676 468 692 468 710 689 711 689 693 689 712 690 713 690 714 690 715 468 709 468 713 468 715 468 713 468 712 468 716 468 717 468 718 468 716 468 718 468 719 468 720 468 719 468 710 468 720 468 716 468 719 468 721 691 715 691 722 691 721 468 722 468 723 468 721 468 709 468 715 468 724 692 725 692 726 692 724 468 726 468 727 468 724 468 727 468 720 468 728 468 729 468 730 468 731 693 721 693 732 693 731 694 732 694 729 694 731 695 729 695 728 695 733 696 734 696 735 696 736 697 731 697 737 697 738 698 709 698 721 698 738 468 721 468 731 468 738 699 731 699 736 699 739 700 733 700 735 700 739 701 740 701 733 701 739 702 735 702 724 702 741 468 739 468 724 468 742 703 743 703 744 703 742 704 744 704 745 704 746 468 743 468 742 468 747 468 743 468 746 468 748 705 749 705 750 705 748 706 750 706 751 706 748 707 751 707 752 707 753 708 738 708 743 708 753 468 743 468 747 468 754 468 748 468 752 468 755 709 752 709 741 709 755 468 754 468 752 468 756 468 753 468 757 468 758 710 720 710 710 710 758 711 655 711 654 711 758 468 709 468 738 468 758 712 654 712 669 712 758 713 724 713 720 713 758 714 741 714 724 714 758 715 669 715 676 715 758 468 755 468 741 468 758 716 649 716 651 716 758 717 640 717 639 717 758 718 738 718 753 718 758 652 753 652 756 652 758 719 676 719 709 719 758 720 651 720 652 720 758 468 693 468 708 468 758 721 708 721 759 721 758 722 759 722 640 722 758 468 710 468 693 468 758 723 639 723 760 723 758 724 760 724 649 724 758 725 652 725 761 725 758 726 761 726 655 726 762 727 763 727 586 727 586 728 763 728 550 728 505 729 763 729 764 729 550 730 763 730 505 730 764 731 765 731 505 731 505 732 765 732 528 732 765 733 766 733 528 733 528 733 766 733 568 733 767 734 603 734 766 734 766 735 603 735 568 735 767 736 762 736 603 736 603 737 762 737 586 737 764 599 766 599 765 599 762 599 767 599 766 599 762 599 766 599 764 599 763 599 762 599 764 599 768 1 769 1 770 1 768 738 770 738 771 738 772 739 771 739 773 739 772 3 768 3 771 3 774 740 773 740 775 740 774 741 772 741 773 741 776 742 775 742 777 742 776 743 774 743 775 743 778 744 777 744 779 744 778 745 776 745 777 745 780 9 779 9 781 9 780 746 778 746 779 746 782 747 781 747 783 747 782 748 780 748 781 748 784 14 783 14 785 14 784 14 782 14 783 14 786 749 785 749 787 749 786 15 784 15 785 15 788 750 787 750 789 750 788 17 786 17 787 17 790 19 788 19 789 19 790 751 789 751 791 751 792 21 790 21 791 21 792 22 791 22 793 22 794 24 792 24 793 24 794 24 793 24 795 24 796 752 794 752 795 752 796 752 795 752 797 752 798 753 796 753 797 753 798 27 797 27 799 27 800 754 798 754 799 754 800 755 799 755 801 755 802 756 800 756 801 756 802 757 801 757 803 757 804 758 802 758 803 758 804 758 803 758 805 758 806 759 804 759 805 759 806 759 805 759 807 759 808 760 806 760 807 760 808 761 807 761 809 761 810 762 808 762 809 762 810 763 809 763 811 763 812 764 810 764 811 764 812 765 811 765 813 765 814 766 813 766 815 766 814 767 812 767 813 767 816 768 815 768 817 768 816 769 814 769 815 769 818 43 817 43 819 43 818 44 816 44 817 44 820 45 819 45 821 45 820 770 818 770 819 770 822 771 821 771 823 771 822 772 820 772 821 772 824 773 823 773 825 773 824 773 822 773 823 773 826 774 825 774 827 774 826 775 824 775 825 775 828 53 827 53 829 53 828 53 826 53 827 53 830 776 829 776 831 776 830 777 828 777 829 777 832 778 831 778 833 778 832 779 830 779 831 779 834 780 833 780 835 780 834 781 832 781 833 781 836 782 835 782 837 782 836 782 834 782 835 782 838 783 837 783 839 783 838 783 836 783 837 783 840 784 839 784 841 784 840 785 838 785 839 785 842 786 840 786 841 786 842 68 841 68 843 68 844 787 842 787 843 787 844 787 843 787 845 787 846 788 844 788 845 788 846 789 845 789 847 789 848 790 846 790 847 790 848 791 847 791 849 791 850 792 848 792 849 792 850 793 849 793 851 793 852 76 850 76 851 76 852 76 851 76 853 76 854 78 852 78 853 78 854 78 853 78 855 78 856 794 854 794 855 794 856 794 855 794 857 794 858 795 856 795 857 795 858 796 857 796 859 796 860 797 858 797 859 797 860 798 859 798 861 798 862 799 860 799 861 799 862 800 861 800 863 800 864 801 862 801 863 801 864 802 863 802 865 802 866 803 864 803 865 803 866 804 865 804 867 804 868 805 866 805 867 805 868 806 867 806 869 806 870 807 868 807 869 807 870 807 869 807 871 807 872 808 870 808 871 808 872 95 871 95 873 95 874 809 872 809 873 809 874 809 873 809 875 809 876 810 874 810 875 810 876 810 875 810 877 810 878 811 876 811 877 811 878 812 877 812 879 812 880 813 878 813 879 813 880 102 879 102 881 102 882 814 880 814 881 814 882 104 881 104 883 104 882 815 883 815 884 815 885 816 882 816 884 816 886 108 884 108 887 108 886 108 885 108 884 108 888 817 887 817 889 817 888 818 886 818 887 818 890 819 889 819 891 819 890 820 888 820 889 820 892 821 890 821 891 821 892 822 891 822 893 822 894 823 892 823 893 823 894 824 893 824 895 824 896 825 894 825 895 825 896 117 895 117 897 117 896 826 897 826 898 826 899 118 896 118 898 118 900 827 899 827 898 827 900 828 898 828 901 828 902 829 900 829 901 829 902 830 901 830 903 830 902 831 903 831 904 831 905 831 902 831 904 831 906 832 905 832 904 832 906 833 904 833 907 833 908 834 906 834 907 834 908 835 907 835 909 835 910 131 908 131 909 131 910 130 909 130 911 130 912 836 910 836 911 836 912 837 911 837 913 837 914 838 912 838 913 838 914 839 913 839 915 839 916 840 917 840 918 840 916 136 914 136 915 136 916 841 915 841 917 841 919 842 916 842 918 842 920 140 918 140 921 140 920 140 919 140 918 140 922 843 921 843 923 843 922 843 920 843 921 843 924 844 923 844 925 844 924 143 922 143 923 143 926 845 925 845 927 845 926 846 924 846 925 846 928 847 927 847 929 847 928 848 926 848 927 848 930 849 929 849 931 849 930 850 928 850 929 850 932 851 931 851 933 851 932 851 930 851 931 851 934 852 933 852 935 852 934 852 932 852 933 852 936 154 935 154 937 154 936 853 934 853 935 853 938 854 937 854 939 854 938 855 936 855 937 855 940 158 939 158 941 158 940 856 938 856 939 856 942 857 941 857 943 857 942 160 940 160 941 160 944 161 942 161 943 161 944 858 943 858 945 858 946 859 944 859 945 859 946 860 945 860 947 860 946 861 947 861 948 861 949 862 946 862 948 862 950 863 949 863 948 863 950 864 948 864 951 864 952 865 951 865 953 865 952 866 950 866 951 866 954 171 953 171 955 171 954 170 952 170 953 170 956 867 955 867 957 867 956 868 954 868 955 868 958 869 957 869 959 869 958 870 956 870 957 870 960 871 959 871 961 871 960 872 958 872 959 872 962 873 961 873 963 873 962 874 963 874 964 874 962 875 960 875 961 875 965 876 962 876 964 876 966 877 964 877 967 877 966 878 965 878 964 878 968 180 967 180 969 180 968 182 966 182 967 182 970 879 969 879 971 879 970 879 968 879 969 879 972 880 971 880 973 880 972 881 970 881 971 881 974 882 973 882 975 882 974 883 972 883 973 883 976 884 975 884 977 884 976 885 977 885 978 885 976 886 974 886 975 886 979 191 976 191 978 191 980 192 978 192 981 192 980 192 979 192 978 192 982 887 981 887 983 887 982 888 980 888 981 888 984 889 983 889 985 889 984 890 982 890 983 890 986 891 985 891 987 891 986 892 984 892 985 892 988 893 987 893 989 893 988 893 986 893 987 893 990 199 989 199 991 199 990 894 988 894 989 894 992 895 990 895 991 895 992 895 991 895 993 895 994 896 992 896 993 896 994 896 993 896 995 896 996 897 994 897 995 897 996 898 995 898 997 898 998 206 996 206 997 206 998 899 997 899 999 899 1000 900 998 900 999 900 1000 900 999 900 1001 900 1002 901 1000 901 1001 901 1002 901 1001 901 1003 901 1002 902 1003 902 1004 902 1005 902 1002 902 1004 902 1006 903 1005 903 1004 903 1006 213 1004 213 1007 213 1006 904 1007 904 1008 904 1009 905 1006 905 1008 905 1009 906 1008 906 1010 906 1011 907 1009 907 1010 907 1012 219 1011 219 1010 219 1012 219 1010 219 1013 219 1014 908 1012 908 1013 908 1014 909 1013 909 1015 909 1016 910 1014 910 1015 910 1016 911 1015 911 1017 911 1018 225 1017 225 1019 225 1018 224 1016 224 1017 224 769 912 1019 912 770 912 769 913 1018 913 1019 913 1020 914 1021 914 1022 914 1023 915 1022 915 1024 915 1023 916 1020 916 1022 916 1025 917 1024 917 1026 917 1025 918 1023 918 1024 918 1027 233 1026 233 1028 233 1027 919 1025 919 1026 919 1029 920 1028 920 1030 920 1029 921 1027 921 1028 921 1031 237 1030 237 1032 237 1031 922 1029 922 1030 922 1033 923 1032 923 1034 923 1033 924 1031 924 1032 924 1035 241 1034 241 1036 241 1035 925 1033 925 1034 925 1037 926 1036 926 1038 926 1037 927 1035 927 1036 927 1039 928 1038 928 1040 928 1039 929 1037 929 1038 929 1041 246 1040 246 1042 246 1041 247 1039 247 1040 247 1043 930 1041 930 1042 930 1043 931 1042 931 1044 931 1045 932 1043 932 1044 932 1045 251 1044 251 1046 251 1047 933 1045 933 1046 933 1047 934 1046 934 1048 934 1049 254 1047 254 1048 254 1049 935 1048 935 1050 935 1051 936 1049 936 1050 936 1051 937 1050 937 1052 937 1053 937 1051 937 1052 937 1053 938 1052 938 1054 938 1055 939 1053 939 1054 939 1055 940 1054 940 1056 940 1057 941 1055 941 1056 941 1057 263 1056 263 1058 263 1059 942 1058 942 1060 942 1059 943 1057 943 1058 943 1061 944 1059 944 1060 944 1061 945 1060 945 1062 945 1063 946 1062 946 1064 946 1063 269 1061 269 1062 269 1065 947 1064 947 1066 947 1065 948 1063 948 1064 948 1067 949 1066 949 1068 949 1067 273 1065 273 1066 273 1069 274 1068 274 1070 274 1069 950 1067 950 1068 950 1071 276 1070 276 1072 276 1071 951 1069 951 1070 951 1073 952 1072 952 1074 952 1073 953 1071 953 1072 953 1075 954 1074 954 1076 954 1075 955 1073 955 1074 955 1077 285 1076 285 1078 285 1077 283 1075 283 1076 283 1079 956 1078 956 1080 956 1079 957 1077 957 1078 957 1081 958 1080 958 1082 958 1081 959 1079 959 1080 959 1083 960 1082 960 1084 960 1083 961 1081 961 1082 961 1085 289 1084 289 1086 289 1085 287 1083 287 1084 287 1087 291 1086 291 1088 291 1087 289 1085 289 1086 289 1089 962 1088 962 1090 962 1089 294 1087 294 1088 294 1091 963 1090 963 1092 963 1091 296 1089 296 1090 296 1093 297 1091 297 1092 297 1093 964 1092 964 1094 964 1095 965 1093 965 1094 965 1095 966 1094 966 1096 966 1097 967 1095 967 1096 967 1097 968 1096 968 1098 968 1099 303 1098 303 1100 303 1099 302 1097 302 1098 302 1101 969 1100 969 1102 969 1101 306 1099 306 1100 306 1103 970 1102 970 1104 970 1103 971 1101 971 1102 971 1105 309 1104 309 1106 309 1105 972 1103 972 1104 972 1107 311 1106 311 1108 311 1107 309 1105 309 1106 309 1109 312 1108 312 1110 312 1109 973 1107 973 1108 973 1111 974 1110 974 1112 974 1111 975 1109 975 1110 975 1113 976 1112 976 1114 976 1113 977 1111 977 1112 977 1115 978 1114 978 1116 978 1115 979 1113 979 1114 979 1117 980 1116 980 1118 980 1117 981 1115 981 1116 981 1119 982 1118 982 1120 982 1119 983 1117 983 1118 983 1121 984 1120 984 1122 984 1121 985 1119 985 1120 985 1123 986 1122 986 1124 986 1123 327 1121 327 1122 327 1125 987 1123 987 1124 987 1125 329 1124 329 1126 329 1127 988 1125 988 1126 988 1127 989 1126 989 1128 989 1129 990 1127 990 1128 990 1129 991 1128 991 1130 991 1131 334 1129 334 1130 334 1131 992 1130 992 1132 992 1133 993 1131 993 1132 993 1133 994 1132 994 1134 994 1135 995 1133 995 1134 995 1135 339 1134 339 1136 339 1137 996 1135 996 1136 996 1137 341 1136 341 1138 341 1139 997 1138 997 1140 997 1139 998 1137 998 1138 998 1141 344 1140 344 1142 344 1141 999 1139 999 1140 999 1143 1000 1142 1000 1144 1000 1143 344 1141 344 1142 344 1145 1001 1144 1001 1146 1001 1145 1002 1143 1002 1144 1002 1147 1003 1145 1003 1146 1003 1148 1004 1147 1004 1146 1004 1148 1005 1146 1005 1149 1005 1150 1006 1148 1006 1149 1006 1150 1007 1149 1007 1151 1007 1152 1008 1150 1008 1151 1008 1152 1009 1151 1009 1153 1009 1154 1010 1152 1010 1153 1010 1154 1011 1153 1011 1155 1011 1156 1012 1154 1012 1155 1012 1156 1013 1155 1013 1157 1013 1158 1014 1156 1014 1157 1014 1158 1015 1157 1015 1159 1015 1160 1016 1158 1016 1159 1016 1160 1017 1159 1017 1161 1017 1162 363 1160 363 1161 363 1162 364 1161 364 1163 364 1164 365 1162 365 1163 365 1164 1018 1163 1018 1165 1018 1166 1019 1164 1019 1165 1019 1166 1020 1165 1020 1167 1020 1168 1021 1166 1021 1167 1021 1168 1022 1167 1022 1169 1022 1170 1023 1168 1023 1169 1023 1170 1024 1169 1024 1171 1024 1172 1025 1170 1025 1171 1025 1172 374 1171 374 1173 374 1174 1026 1172 1026 1173 1026 1174 376 1173 376 1175 376 1176 1027 1174 1027 1175 1027 1176 1028 1175 1028 1177 1028 1178 1029 1176 1029 1177 1029 1178 1030 1177 1030 1179 1030 1180 380 1179 380 1181 380 1180 1031 1178 1031 1179 1031 1182 1032 1180 1032 1181 1032 1182 1033 1181 1033 1183 1033 1184 1034 1183 1034 1185 1034 1184 1035 1182 1035 1183 1035 1186 1036 1185 1036 1187 1036 1186 1037 1184 1037 1185 1037 1188 1038 1187 1038 1189 1038 1188 1039 1186 1039 1187 1039 1190 1040 1189 1040 1191 1040 1190 1041 1188 1041 1189 1041 1192 392 1191 392 1193 392 1192 393 1190 393 1191 393 1194 394 1192 394 1193 394 1194 1042 1193 1042 1195 1042 1196 1043 1194 1043 1195 1043 1196 396 1195 396 1197 396 1198 398 1196 398 1197 398 1198 1044 1197 1044 1199 1044 1200 1045 1198 1045 1199 1045 1200 400 1199 400 1201 400 1202 1046 1200 1046 1201 1046 1202 1047 1201 1047 1203 1047 1204 404 1202 404 1203 404 1204 1048 1203 1048 1205 1048 1206 1049 1204 1049 1205 1049 1206 1050 1205 1050 1207 1050 1208 1051 1206 1051 1207 1051 1208 1052 1207 1052 1209 1052 1210 1053 1208 1053 1209 1053 1210 409 1209 409 1211 409 1212 411 1210 411 1211 411 1212 411 1211 411 1213 411 1214 1054 1212 1054 1213 1054 1214 1055 1213 1055 1215 1055 1216 414 1214 414 1215 414 1216 415 1215 415 1217 415 1218 1056 1216 1056 1217 1056 1218 1057 1217 1057 1219 1057 1220 1058 1219 1058 1221 1058 1220 1059 1218 1059 1219 1059 1222 1060 1220 1060 1221 1060 1222 1061 1221 1061 1223 1061 1224 422 1223 422 1225 422 1224 1062 1222 1062 1223 1062 1226 423 1225 423 1227 423 1226 424 1224 424 1225 424 1228 1063 1227 1063 1229 1063 1228 1064 1226 1064 1227 1064 1230 1065 1229 1065 1231 1065 1230 1066 1228 1066 1229 1066 1232 429 1231 429 1233 429 1232 429 1230 429 1231 429 1234 430 1233 430 1235 430 1234 1067 1232 1067 1233 1067 1236 432 1235 432 1237 432 1236 1068 1234 1068 1235 1068 1238 1069 1237 1069 1239 1069 1238 435 1236 435 1237 435 1240 1070 1239 1070 1241 1070 1240 437 1238 437 1239 437 1242 1071 1241 1071 1243 1071 1242 1072 1240 1072 1241 1072 1244 440 1243 440 1245 440 1244 441 1242 441 1243 441 1246 1073 1244 1073 1245 1073 1246 1074 1245 1074 1247 1074 1248 1075 1246 1075 1247 1075 1248 1076 1247 1076 1249 1076 1250 1077 1248 1077 1249 1077 1250 1078 1249 1078 1251 1078 1252 1079 1250 1079 1251 1079 1252 1080 1251 1080 1253 1080 1254 449 1252 449 1253 449 1254 450 1253 450 1255 450 1256 1081 1254 1081 1255 1081 1256 452 1255 452 1257 452 1258 1082 1256 1082 1257 1082 1258 1083 1257 1083 1259 1083 1260 1084 1259 1084 1261 1084 1260 1085 1258 1085 1259 1085 1262 1086 1260 1086 1261 1086 1262 458 1261 458 1263 458 1264 1087 1263 1087 1265 1087 1264 1087 1262 1087 1263 1087 1266 1088 1265 1088 1267 1088 1266 462 1264 462 1265 462 1268 463 1267 463 1269 463 1268 463 1266 463 1267 463 1270 1089 1269 1089 1271 1089 1270 464 1268 464 1269 464 1020 1090 1271 1090 1021 1090 1020 467 1270 467 1271 467 864 525 1114 525 862 525 864 1091 1116 1091 1114 1091 860 468 862 468 1114 468 860 469 1114 469 1112 469 866 468 1116 468 864 468 866 1092 1118 1092 1116 1092 858 525 860 525 1112 525 858 1093 1112 1093 1110 1093 868 468 1118 468 866 468 868 1094 1120 1094 1118 1094 856 471 858 471 1110 471 856 1095 1110 1095 1108 1095 870 468 1120 468 868 468 870 1096 1122 1096 1120 1096 854 468 856 468 1108 468 854 1097 1108 1097 1106 1097 872 476 1122 476 870 476 872 1098 1124 1098 1122 1098 852 468 854 468 1106 468 852 1099 1106 1099 1104 1099 874 1100 1124 1100 872 1100 874 1101 1126 1101 1124 1101 850 468 852 468 1104 468 850 1102 1104 1102 1102 1102 876 468 1126 468 874 468 876 1103 1130 1103 1128 1103 876 1104 1128 1104 1126 1104 848 1105 1102 1105 1100 1105 848 468 850 468 1102 468 878 468 1130 468 876 468 846 468 848 468 1100 468 846 1106 1100 1106 1098 1106 880 468 1130 468 878 468 880 515 1132 515 1130 515 844 468 846 468 1098 468 844 1107 1098 1107 1096 1107 882 1108 1134 1108 1132 1108 882 468 1132 468 880 468 842 468 844 468 1096 468 842 1109 1096 1109 1094 1109 885 1110 1136 1110 1134 1110 885 468 1134 468 882 468 840 468 842 468 1094 468 840 1111 1094 1111 1092 1111 886 1112 1138 1112 1136 1112 886 479 1136 479 885 479 838 468 840 468 1092 468 838 1113 1092 1113 1090 1113 838 1114 1090 1114 1088 1114 888 1115 1140 1115 1138 1115 888 468 1138 468 886 468 836 468 838 468 1088 468 836 1116 1088 1116 1086 1116 890 1117 1140 1117 888 1117 890 468 1142 468 1140 468 834 468 836 468 1086 468 892 468 1142 468 890 468 892 468 1144 468 1142 468 832 1118 1086 1118 1084 1118 832 1119 834 1119 1086 1119 894 1120 1146 1120 1144 1120 894 1121 1144 1121 892 1121 830 468 832 468 1084 468 830 1109 1084 1109 1082 1109 896 468 1149 468 1146 468 896 468 1146 468 894 468 828 468 830 468 1082 468 828 520 1082 520 1080 520 899 468 1149 468 896 468 899 1122 1151 1122 1149 1122 826 468 828 468 1080 468 826 1123 1080 1123 1078 1123 900 503 1151 503 899 503 900 468 1153 468 1151 468 824 468 826 468 1078 468 824 1099 1078 1099 1076 1099 902 503 1153 503 900 503 902 468 1157 468 1155 468 902 468 1155 468 1153 468 822 518 824 518 1076 518 822 1124 1076 1124 1074 1124 905 468 1157 468 902 468 820 471 822 471 1074 471 820 1125 1074 1125 1072 1125 906 468 1157 468 905 468 906 1126 1159 1126 1157 1126 818 1127 1072 1127 1070 1127 818 468 820 468 1072 468 908 468 1159 468 906 468 908 1128 1161 1128 1159 1128 816 1129 1070 1129 1068 1129 816 468 818 468 1070 468 910 1117 1161 1117 908 1117 910 1130 1165 1130 1163 1130 910 468 1163 468 1161 468 814 1131 1068 1131 1066 1131 814 468 816 468 1068 468 912 468 1165 468 910 468 812 1132 1066 1132 1064 1132 812 468 1064 468 1062 468 812 468 814 468 1066 468 914 468 1167 468 1165 468 914 468 1165 468 912 468 810 468 812 468 1062 468 916 468 1169 468 1167 468 916 468 1167 468 914 468 808 1133 1062 1133 1060 1133 808 468 810 468 1062 468 919 516 1171 516 1169 516 919 468 1169 468 916 468 806 1134 1060 1134 1058 1134 806 468 808 468 1060 468 920 1135 1173 1135 1171 1135 920 468 1171 468 919 468 804 1136 1058 1136 1056 1136 804 468 806 468 1058 468 922 1137 1175 1137 1173 1137 922 476 1173 476 920 476 802 1138 1056 1138 1054 1138 802 468 804 468 1056 468 924 1134 1177 1134 1175 1134 924 468 1175 468 922 468 800 1139 1054 1139 1052 1139 800 1140 802 1140 1054 1140 1179 1141 924 1141 926 1141 1179 1142 1177 1142 924 1142 1050 1143 798 1143 800 1143 1050 534 800 534 1052 534 796 468 798 468 1050 468 1181 528 1179 528 926 528 1181 1144 926 1144 928 1144 1048 1145 794 1145 796 1145 1048 468 796 468 1050 468 1183 530 1181 530 928 530 1183 596 928 596 930 596 1046 1142 794 1142 1048 1142 1185 468 1183 468 930 468 1185 1146 932 1146 934 1146 1185 1147 930 1147 932 1147 1044 468 794 468 1046 468 1044 529 792 529 794 529 1187 589 1185 589 934 589 1042 468 792 468 1044 468 1042 1148 790 1148 792 1148 1189 468 1187 468 934 468 1189 1149 934 1149 936 1149 1040 1150 788 1150 790 1150 1040 468 790 468 1042 468 1191 551 1189 551 936 551 1191 1151 936 1151 938 1151 1038 1152 786 1152 788 1152 1038 468 788 468 1040 468 1193 1153 938 1153 940 1153 1193 468 1191 468 938 468 1036 1154 784 1154 786 1154 1036 1155 786 1155 1038 1155 1195 1156 940 1156 942 1156 1195 468 1193 468 940 468 1034 1157 782 1157 784 1157 1034 1158 780 1158 782 1158 1034 468 784 468 1036 468 1197 468 1195 468 942 468 1197 1159 944 1159 946 1159 1197 1148 942 1148 944 1148 1032 486 780 486 1034 486 1199 468 1197 468 946 468 1199 1160 946 1160 949 1160 1030 468 780 468 1032 468 1030 1161 778 1161 780 1161 1201 468 1199 468 949 468 1028 1162 776 1162 778 1162 1028 468 778 468 1030 468 1203 468 1201 468 949 468 1203 1163 949 1163 950 1163 1026 468 776 468 1028 468 1026 468 774 468 776 468 1026 1164 772 1164 774 1164 1205 1165 950 1165 952 1165 1205 468 1203 468 950 468 1024 468 768 468 772 468 1024 1166 772 1166 1026 1166 1207 1167 952 1167 954 1167 1207 553 1205 553 952 553 1022 468 769 468 768 468 1022 468 768 468 1024 468 1209 1168 956 1168 958 1168 1209 1169 954 1169 956 1169 1209 468 1207 468 954 468 1021 1170 769 1170 1022 1170 1211 468 1209 468 958 468 1271 468 1018 468 769 468 1271 468 769 468 1021 468 1213 1171 958 1171 960 1171 1213 468 1211 468 958 468 1269 1172 1016 1172 1018 1172 1269 1173 1014 1173 1016 1173 1269 1174 1018 1174 1271 1174 1215 1175 960 1175 962 1175 1215 1176 1213 1176 960 1176 1267 468 1014 468 1269 468 1217 1177 1215 1177 962 1177 1217 1178 962 1178 965 1178 1265 468 1014 468 1267 468 1265 1179 1012 1179 1014 1179 1219 468 1217 468 965 468 1219 1180 965 1180 966 1180 1263 1181 1011 1181 1012 1181 1263 1182 1009 1182 1011 1182 1263 550 1012 550 1265 550 1221 468 1219 468 966 468 1221 1183 968 1183 970 1183 1221 1184 966 1184 968 1184 1261 482 1009 482 1263 482 1223 468 1221 468 970 468 1259 1185 1006 1185 1009 1185 1259 1186 1005 1186 1006 1186 1259 468 1009 468 1261 468 1225 597 970 597 972 597 1225 468 1223 468 970 468 1257 468 1005 468 1259 468 1227 585 1225 585 972 585 1227 1187 972 1187 974 1187 1255 468 1005 468 1257 468 1255 1188 1002 1188 1005 1188 1229 468 1227 468 974 468 1229 1189 976 1189 979 1189 1229 1190 974 1190 976 1190 1253 468 1002 468 1255 468 1253 1191 1000 1191 1002 1191 1231 468 1229 468 979 468 1251 1192 998 1192 1000 1192 1251 468 1000 468 1253 468 1233 468 1231 468 979 468 1233 1193 979 1193 980 1193 1249 530 998 530 1251 530 1249 1194 996 1194 998 1194 1235 598 1233 598 980 598 1235 1195 980 1195 982 1195 1247 468 996 468 1249 468 1247 1196 994 1196 996 1196 1247 468 992 468 994 468 1237 468 1235 468 982 468 1237 1197 982 1197 984 1197 1245 1198 990 1198 992 1198 1245 468 992 468 1247 468 1239 1199 986 1199 988 1199 1239 1200 984 1200 986 1200 1239 468 1237 468 984 468 1243 1201 990 1201 1245 1201 1241 551 1239 551 988 551 1241 1202 988 1202 990 1202 1241 468 990 468 1243 468 1272 599 1273 599 1274 599 1275 599 1273 599 1272 599 1276 599 1273 599 1275 599 1277 1203 1273 1203 1276 1203 1278 599 1273 599 1277 599 1279 599 1273 599 1278 599 1280 599 1273 599 1279 599 1281 599 1273 599 1280 599 1282 599 1273 599 1281 599 1283 599 1273 599 1282 599 1284 599 1273 599 1283 599 1285 1204 1273 1204 1284 1204 1286 599 1273 599 1285 599 1287 599 1273 599 1286 599 1288 599 1273 599 1287 599 1289 1205 1273 1205 1288 1205 1290 1206 1273 1206 1289 1206 1291 599 1273 599 1290 599 1292 599 1273 599 1291 599 1293 599 1273 599 1292 599 1294 614 1273 614 1293 614 1295 599 1296 599 1297 599 1298 599 1296 599 1295 599 1299 599 1296 599 1298 599 1300 599 1296 599 1299 599 1274 599 1296 599 1300 599 1273 599 1296 599 1274 599 1301 1207 1296 1207 1302 1207 1303 599 1296 599 1301 599 1304 599 1296 599 1303 599 1305 637 1296 637 1304 637 1306 1208 1296 1208 1305 1208 1307 1209 1296 1209 1306 1209 1308 599 1296 599 1307 599 1309 599 1296 599 1308 599 1310 599 1296 599 1309 599 1311 1210 1296 1210 1310 1210 1312 1211 1296 1211 1311 1211 1297 599 1296 599 1312 599 1296 1212 1313 1212 1302 1212 1296 1213 1314 1213 1313 1213 1296 1214 1315 1214 1314 1214 1296 599 1316 599 1315 599 1317 599 1318 599 1294 599 1319 1215 1318 1215 1317 1215 1320 599 1318 599 1319 599 1321 1216 1318 1216 1320 1216 1322 599 1318 599 1321 599 1323 599 1318 599 1322 599 1324 599 1318 599 1323 599 1294 599 1318 599 1273 599 1325 1217 1318 1217 1324 1217 1326 599 1318 599 1325 599 1327 1218 1318 1218 1326 1218 1328 599 1318 599 1327 599 1329 599 1318 599 1328 599 1329 599 1330 599 1318 599 1330 1219 1331 1219 1318 1219 1331 599 1332 599 1318 599 1332 1220 1333 1220 1318 1220 1333 599 1334 599 1318 599 1334 599 1335 599 1318 599 1296 599 1336 599 1316 599 1337 599 1336 599 1338 599 1339 599 1336 599 1337 599 1340 599 1336 599 1339 599 1341 599 1336 599 1340 599 1342 599 1336 599 1341 599 1343 599 1336 599 1342 599 1344 599 1336 599 1343 599 1316 599 1336 599 1344 599 1335 599 1345 599 1318 599 1336 1221 1346 1221 1338 1221 1345 599 1347 599 1318 599 1336 645 1348 645 1346 645 1347 599 1349 599 1318 599 1336 1222 1350 1222 1348 1222 1336 599 1351 599 1350 599 1336 1223 1352 1223 1351 1223 1353 599 1354 599 1349 599 1355 599 1354 599 1353 599 1356 599 1354 599 1355 599 1349 599 1354 599 1318 599 1336 599 1357 599 1352 599 1356 1224 1358 1224 1354 1224 1336 599 1359 599 1357 599 1358 599 1360 599 1354 599 1336 599 1361 599 1359 599 1360 600 1362 600 1354 600 1336 1225 1363 1225 1361 1225 1362 1226 1364 1226 1354 1226 1336 1227 1365 1227 1363 1227 1364 599 1366 599 1354 599 1336 1228 1367 1228 1365 1228 1366 599 1368 599 1354 599 1336 599 1369 599 1367 599 1368 599 1370 599 1354 599 1371 1229 1372 1229 1336 1229 1336 1230 1372 1230 1369 1230 1370 599 1373 599 1354 599 1371 1231 1374 1231 1372 1231 1373 599 1375 599 1354 599 1371 599 1376 599 1374 599 1375 599 1377 599 1354 599 1371 1232 1378 1232 1376 1232 1377 599 1379 599 1354 599 1371 1233 1380 1233 1378 1233 1379 599 1381 599 1354 599 1371 599 1382 599 1380 599 1381 599 1383 599 1354 599 1371 599 1384 599 1382 599 1383 1234 1385 1234 1354 1234 1371 599 1386 599 1384 599 1385 599 1387 599 1354 599 1371 599 1388 599 1386 599 1387 599 1389 599 1354 599 1371 1235 1390 1235 1388 1235 1389 1236 1391 1236 1354 1236 1371 599 1392 599 1390 599 1354 599 1393 599 1371 599 1391 1237 1393 1237 1354 1237 1371 1238 1394 1238 1392 1238 1393 599 1395 599 1371 599 1371 599 1396 599 1394 599 1395 599 1397 599 1371 599 1371 599 1398 599 1396 599 1397 599 1399 599 1371 599 1371 1239 1400 1239 1398 1239 1399 599 1401 599 1371 599 1371 1240 1402 1240 1400 1240 1401 599 1403 599 1371 599 1371 1241 1403 1241 1402 1241 1404 1242 1405 1242 1406 1242 1407 1243 1408 1243 1409 1243 1407 468 1409 468 1410 468 1411 468 1412 468 1413 468 1411 468 1413 468 1414 468 1411 1244 1414 1244 1415 1244 1416 1245 1417 1245 1418 1245 1419 468 1417 468 1416 468 1420 468 1419 468 1421 468 1422 1246 1423 1246 1424 1246 1422 468 1424 468 1425 468 1426 1247 1427 1247 1428 1247 1429 468 1430 468 1431 468 1432 1248 1433 1248 1434 1248 1432 1249 1434 1249 1426 1249 1435 468 1429 468 1436 468 1437 1250 1430 1250 1429 1250 1437 1251 1429 1251 1435 1251 1437 1252 1422 1252 1430 1252 1438 1253 1439 1253 1432 1253 1440 468 1441 468 1438 468 1442 468 1440 468 1438 468 1442 1242 1443 1242 1440 1242 1444 468 1437 468 1445 468 1444 1254 1445 1254 1446 1254 1444 1255 1446 1255 1447 1255 1444 468 1447 468 1448 468 1449 1256 1450 1256 1442 1256 1451 468 1444 468 1452 468 1453 1257 1426 1257 1428 1257 1453 1258 1432 1258 1426 1258 1453 468 1449 468 1442 468 1453 1259 1438 1259 1432 1259 1453 468 1442 468 1438 468 1453 650 1454 650 1449 650 1453 1260 1428 1260 1455 1260 1456 468 1451 468 1457 468 1458 468 1451 468 1456 468 1458 1261 1444 1261 1451 1261 1459 1262 1444 1262 1458 1262 1460 468 1444 468 1459 468 1461 468 1462 468 1463 468 1461 1263 1463 1263 1464 1263 1461 1264 1464 1264 1453 1264 1461 1265 1404 1265 1406 1265 1461 1266 1455 1266 1465 1266 1461 1267 1465 1267 1466 1267 1461 468 1466 468 1467 468 1461 1268 1467 1268 1468 1268 1461 1269 1468 1269 1469 1269 1461 1270 1469 1270 1470 1270 1461 1271 1470 1271 1411 1271 1461 1272 1411 1272 1415 1272 1461 1273 1415 1273 1404 1273 1461 1274 1406 1274 1471 1274 1461 1275 1471 1275 1472 1275 1461 1276 1472 1276 1473 1276 1461 1277 1473 1277 1474 1277 1461 1278 1474 1278 1475 1278 1461 1279 1475 1279 1476 1279 1461 468 1453 468 1455 468 1477 468 1444 468 1460 468 1478 650 1479 650 1461 650 1480 468 1481 468 1482 468 1483 468 1477 468 1481 468 1483 1280 1481 1280 1480 1280 1484 468 1485 468 1486 468 1484 468 1486 468 1487 468 1488 468 1487 468 1478 468 1488 468 1484 468 1487 468 1489 1281 1483 1281 1490 1281 1489 468 1490 468 1491 468 1489 468 1477 468 1483 468 1492 1282 1493 1282 1494 1282 1492 468 1494 468 1495 468 1492 468 1495 468 1488 468 1496 1283 1497 1283 1498 1283 1499 1284 1489 1284 1500 1284 1499 1285 1500 1285 1497 1285 1499 468 1497 468 1496 468 1501 1286 1502 1286 1503 1286 1504 697 1499 697 1505 697 1506 1287 1477 1287 1489 1287 1506 468 1489 468 1499 468 1506 1288 1499 1288 1504 1288 1507 1289 1501 1289 1503 1289 1507 1290 1508 1290 1501 1290 1507 1291 1503 1291 1492 1291 1509 468 1507 468 1492 468 1510 659 1511 659 1512 659 1510 1292 1512 1292 1513 1292 1514 468 1511 468 1510 468 1515 468 1511 468 1514 468 1516 705 1517 705 1518 705 1516 651 1518 651 1519 651 1516 1293 1519 1293 1520 1293 1521 1294 1506 1294 1511 1294 1521 468 1511 468 1515 468 1522 468 1516 468 1520 468 1523 1295 1520 1295 1509 1295 1523 468 1522 468 1520 468 1524 468 1521 468 1525 468 1526 468 1488 468 1478 468 1526 1296 1423 1296 1422 1296 1526 1297 1477 1297 1506 1297 1526 1298 1422 1298 1437 1298 1526 1299 1492 1299 1488 1299 1526 1300 1509 1300 1492 1300 1526 1301 1437 1301 1444 1301 1526 468 1523 468 1509 468 1526 1302 1417 1302 1419 1302 1526 1303 1408 1303 1407 1303 1526 468 1506 468 1521 468 1526 468 1521 468 1524 468 1526 1304 1444 1304 1477 1304 1526 1305 1419 1305 1420 1305 1526 1306 1461 1306 1476 1306 1526 1307 1476 1307 1527 1307 1526 1308 1527 1308 1408 1308 1526 1309 1478 1309 1461 1309 1526 1310 1407 1310 1528 1310 1526 1311 1528 1311 1417 1311 1526 1312 1420 1312 1529 1312 1526 1313 1529 1313 1423 1313 1530 1314 1531 1314 1354 1314 1354 1315 1531 1315 1318 1315 1273 1316 1531 1316 1532 1316 1318 730 1531 730 1273 730 1532 1317 1533 1317 1273 1317 1273 1318 1533 1318 1296 1318 1533 1319 1534 1319 1296 1319 1296 1320 1534 1320 1336 1320 1535 1321 1371 1321 1534 1321 1534 735 1371 735 1336 735 1535 1322 1530 1322 1371 1322 1371 737 1530 737 1354 737 1532 599 1534 599 1533 599 1530 1323 1535 1323 1534 1323 1530 599 1534 599 1532 599 1531 1324 1530 1324 1532 1324 1536 0 1537 0 1538 0 1539 1 1536 1 1538 1 1540 2 1538 2 1541 2 1540 3 1539 3 1538 3 1542 1325 1541 1325 1543 1325 1542 1326 1540 1326 1541 1326 1544 6 1543 6 1545 6 1544 7 1542 7 1543 7 1546 744 1545 744 1547 744 1546 745 1544 745 1545 745 1548 9 1547 9 1549 9 1548 10 1546 10 1547 10 1550 1327 1549 1327 1551 1327 1550 748 1548 748 1549 748 1552 13 1551 13 1553 13 1552 14 1550 14 1551 14 1554 749 1553 749 1555 749 1554 15 1552 15 1553 15 1556 750 1555 750 1557 750 1556 1328 1554 1328 1555 1328 1558 19 1556 19 1557 19 1558 20 1557 20 1559 20 1560 21 1558 21 1559 21 1560 22 1559 22 1561 22 1562 23 1560 23 1561 23 1562 24 1561 24 1563 24 1564 1329 1562 1329 1563 1329 1564 752 1563 752 1565 752 1566 1330 1564 1330 1565 1330 1566 1331 1565 1331 1567 1331 1568 755 1566 755 1567 755 1568 755 1567 755 1569 755 1570 757 1568 757 1569 757 1570 756 1569 756 1571 756 1572 1332 1570 1332 1571 1332 1572 1332 1571 1332 1573 1332 1574 759 1572 759 1573 759 1574 1333 1573 1333 1575 1333 1576 760 1574 760 1575 760 1576 760 1575 760 1577 760 1578 36 1576 36 1577 36 1578 37 1577 37 1579 37 1580 764 1578 764 1579 764 1580 1334 1579 1334 1581 1334 1582 40 1581 40 1583 40 1582 40 1580 40 1581 40 1584 41 1583 41 1585 41 1584 42 1582 42 1583 42 1586 43 1585 43 1587 43 1586 44 1584 44 1585 44 1588 45 1587 45 1589 45 1588 46 1586 46 1587 46 1590 47 1589 47 1591 47 1590 48 1588 48 1589 48 1592 773 1591 773 1593 773 1592 1335 1590 1335 1591 1335 1594 1336 1593 1336 1595 1336 1594 774 1592 774 1593 774 1596 53 1595 53 1597 53 1596 54 1594 54 1595 54 1598 776 1597 776 1599 776 1598 776 1596 776 1597 776 1600 779 1599 779 1601 779 1600 778 1598 778 1599 778 1602 1337 1601 1337 1603 1337 1602 781 1600 781 1601 781 1604 1338 1603 1338 1605 1338 1604 1339 1602 1339 1603 1339 1606 1340 1605 1340 1607 1340 1606 783 1604 783 1605 783 1608 784 1607 784 1609 784 1608 785 1606 785 1607 785 1610 67 1608 67 1609 67 1610 68 1609 68 1611 68 1612 1341 1610 1341 1611 1341 1612 1341 1611 1341 1613 1341 1614 788 1612 788 1613 788 1614 1342 1613 1342 1615 1342 1616 1343 1614 1343 1615 1343 1616 1344 1615 1344 1617 1344 1618 74 1616 74 1617 74 1618 75 1617 75 1619 75 1620 76 1618 76 1619 76 1620 77 1619 77 1621 77 1622 78 1620 78 1621 78 1622 78 1621 78 1623 78 1624 794 1622 794 1623 794 1624 1345 1623 1345 1625 1345 1626 796 1624 796 1625 796 1626 796 1625 796 1627 796 1628 798 1626 798 1627 798 1628 797 1627 797 1629 797 1630 1346 1628 1346 1629 1346 1630 799 1629 799 1631 799 1632 87 1630 87 1631 87 1632 88 1631 88 1633 88 1634 803 1632 803 1633 803 1634 1347 1633 1347 1635 1347 1636 1348 1634 1348 1635 1348 1636 806 1635 806 1637 806 1638 1349 1636 1349 1637 1349 1638 807 1637 807 1639 807 1640 95 1638 95 1639 95 1640 95 1639 95 1641 95 1642 1350 1640 1350 1641 1350 1642 1350 1641 1350 1643 1350 1644 1351 1642 1351 1643 1351 1644 810 1643 810 1645 810 1646 811 1644 811 1645 811 1646 1352 1645 1352 1647 1352 1648 101 1646 101 1647 101 1648 102 1647 102 1649 102 1650 103 1648 103 1649 103 1650 104 1649 104 1651 104 1652 105 1651 105 1653 105 1652 106 1650 106 1651 106 1654 107 1653 107 1655 107 1654 108 1652 108 1653 108 1656 817 1655 817 1657 817 1656 818 1654 818 1655 818 1658 1353 1657 1353 1659 1353 1658 1354 1656 1354 1657 1354 1660 1355 1658 1355 1659 1355 1660 1355 1659 1355 1661 1355 1662 823 1660 823 1661 823 1662 1356 1661 1356 1663 1356 1664 116 1662 116 1663 116 1664 117 1663 117 1665 117 1666 118 1664 118 1665 118 1666 119 1665 119 1667 119 1668 1357 1666 1357 1667 1357 1668 1358 1667 1358 1669 1358 1670 122 1668 122 1669 122 1670 123 1669 123 1671 123 1672 1359 1670 1359 1671 1359 1672 1359 1671 1359 1673 1359 1674 126 1672 126 1673 126 1674 127 1673 127 1675 127 1674 835 1675 835 1676 835 1677 1360 1674 1360 1676 1360 1678 130 1677 130 1676 130 1678 131 1676 131 1679 131 1680 1361 1678 1361 1679 1361 1680 1362 1679 1362 1681 1362 1680 1363 1681 1363 1682 1363 1683 838 1680 838 1682 838 1684 136 1683 136 1682 136 1684 137 1682 137 1685 137 1686 138 1685 138 1687 138 1686 139 1684 139 1685 139 1688 140 1687 140 1689 140 1688 140 1686 140 1687 140 1690 1364 1689 1364 1691 1364 1690 843 1688 843 1689 843 1692 844 1691 844 1693 844 1692 143 1690 143 1691 143 1694 1365 1693 1365 1695 1365 1694 845 1692 845 1693 845 1696 847 1695 847 1697 847 1696 848 1694 848 1695 848 1698 849 1697 849 1699 849 1698 850 1696 850 1697 850 1700 851 1699 851 1701 851 1700 1366 1698 1366 1699 1366 1702 852 1701 852 1703 852 1702 154 1703 154 1704 154 1702 852 1700 852 1701 852 1705 155 1702 155 1704 155 1706 1367 1704 1367 1707 1367 1706 855 1705 855 1704 855 1708 158 1707 158 1709 158 1708 158 1706 158 1707 158 1710 159 1709 159 1711 159 1710 160 1708 160 1709 160 1712 161 1710 161 1711 161 1712 162 1711 162 1713 162 1714 163 1712 163 1713 163 1714 164 1713 164 1715 164 1716 165 1714 165 1715 165 1716 166 1715 166 1717 166 1718 1368 1716 1368 1717 1368 1718 864 1717 864 1719 864 1720 865 1719 865 1721 865 1720 865 1718 865 1719 865 1722 170 1721 170 1723 170 1722 171 1720 171 1721 171 1724 1369 1723 1369 1725 1369 1724 1370 1722 1370 1723 1370 1726 1371 1725 1371 1727 1371 1726 1372 1724 1372 1725 1372 1728 1373 1727 1373 1729 1373 1728 1374 1726 1374 1727 1374 1730 1375 1729 1375 1731 1375 1730 875 1728 875 1729 875 1732 874 1731 874 1733 874 1732 876 1730 876 1731 876 1734 878 1733 878 1735 878 1734 180 1735 180 1736 180 1734 877 1732 877 1733 877 1737 182 1734 182 1736 182 1738 879 1736 879 1739 879 1738 879 1737 879 1736 879 1740 1376 1739 1376 1741 1376 1740 881 1738 881 1739 881 1742 882 1741 882 1743 882 1742 1377 1740 1377 1741 1377 1744 188 1743 188 1745 188 1744 189 1742 189 1743 189 1746 190 1745 190 1747 190 1746 191 1744 191 1745 191 1748 192 1747 192 1749 192 1748 192 1746 192 1747 192 1750 888 1749 888 1751 888 1750 887 1748 887 1749 887 1752 1378 1751 1378 1753 1378 1752 1379 1750 1379 1751 1379 1754 892 1753 892 1755 892 1754 1380 1752 1380 1753 1380 1756 893 1755 893 1757 893 1756 893 1754 893 1755 893 1758 199 1757 199 1759 199 1758 200 1756 200 1757 200 1760 895 1759 895 1761 895 1760 895 1758 895 1759 895 1762 896 1760 896 1761 896 1762 1381 1761 1381 1763 1381 1764 898 1762 898 1763 898 1764 897 1763 897 1765 897 1766 206 1764 206 1765 206 1766 206 1765 206 1767 206 1768 1382 1766 1382 1767 1382 1768 1382 1767 1382 1769 1382 1770 901 1768 901 1769 901 1770 1383 1769 1383 1771 1383 1772 902 1770 902 1771 902 1772 902 1771 902 1773 902 1774 212 1772 212 1773 212 1774 213 1773 213 1775 213 1776 214 1774 214 1775 214 1776 215 1775 215 1777 215 1778 216 1776 216 1777 216 1778 217 1777 217 1779 217 1780 218 1778 218 1779 218 1780 219 1779 219 1781 219 1782 908 1780 908 1781 908 1782 909 1781 909 1783 909 1784 1384 1782 1384 1783 1384 1784 1385 1783 1385 1785 1385 1786 224 1785 224 1787 224 1786 225 1784 225 1785 225 1536 226 1787 226 1537 226 1536 227 1786 227 1787 227 1788 1386 1789 1386 1790 1386 1791 1387 1790 1387 1792 1387 1791 230 1788 230 1790 230 1793 231 1792 231 1794 231 1793 918 1791 918 1792 918 1795 233 1794 233 1796 233 1795 234 1793 234 1794 234 1797 235 1796 235 1798 235 1797 236 1795 236 1796 236 1799 237 1798 237 1800 237 1799 238 1797 238 1798 238 1801 923 1800 923 1802 923 1801 924 1799 924 1800 924 1803 241 1802 241 1804 241 1803 925 1801 925 1802 925 1805 242 1804 242 1806 242 1805 243 1803 243 1804 243 1807 244 1806 244 1808 244 1807 245 1805 245 1806 245 1809 246 1808 246 1810 246 1809 247 1807 247 1808 247 1811 248 1809 248 1810 248 1811 249 1810 249 1812 249 1813 250 1811 250 1812 250 1813 251 1812 251 1814 251 1815 933 1813 933 1814 933 1815 253 1814 253 1816 253 1817 254 1815 254 1816 254 1817 1388 1816 1388 1818 1388 1819 1389 1817 1389 1818 1389 1819 1390 1818 1390 1820 1390 1821 937 1819 937 1820 937 1821 259 1820 259 1822 259 1823 1391 1821 1391 1822 1391 1823 261 1822 261 1824 261 1825 262 1823 262 1824 262 1825 263 1824 263 1826 263 1827 264 1826 264 1828 264 1827 265 1825 265 1826 265 1829 266 1827 266 1828 266 1829 1392 1828 1392 1830 1392 1831 268 1830 268 1832 268 1831 269 1829 269 1830 269 1833 270 1832 270 1834 270 1833 1393 1831 1393 1832 1393 1835 949 1834 949 1836 949 1835 273 1833 273 1834 273 1837 274 1836 274 1838 274 1837 275 1835 275 1836 275 1839 276 1838 276 1840 276 1839 274 1837 274 1838 274 1841 278 1840 278 1842 278 1841 1394 1839 1394 1840 1394 1843 954 1842 954 1844 954 1843 955 1841 955 1842 955 1845 1395 1844 1395 1846 1395 1845 283 1843 283 1844 283 1847 959 1846 959 1848 959 1847 1396 1845 1396 1846 1396 1849 958 1848 958 1850 958 1849 959 1847 959 1848 959 1851 1397 1850 1397 1852 1397 1851 1398 1849 1398 1850 1398 1853 289 1852 289 1854 289 1853 287 1851 287 1852 287 1855 291 1854 291 1856 291 1855 292 1853 292 1854 292 1857 293 1856 293 1858 293 1857 294 1855 294 1856 294 1859 295 1858 295 1860 295 1859 296 1857 296 1858 296 1861 297 1859 297 1860 297 1861 1399 1860 1399 1862 1399 1863 1400 1861 1400 1862 1400 1863 301 1862 301 1864 301 1865 967 1863 967 1864 967 1865 302 1864 302 1866 302 1867 303 1866 303 1868 303 1867 302 1865 302 1866 302 1869 969 1868 969 1870 969 1869 306 1867 306 1868 306 1871 970 1870 970 1872 970 1871 971 1869 971 1870 971 1873 309 1872 309 1874 309 1873 972 1871 972 1872 972 1875 311 1874 311 1876 311 1875 309 1873 309 1874 309 1877 312 1876 312 1878 312 1877 313 1875 313 1876 313 1879 1401 1878 1401 1880 1401 1879 975 1877 975 1878 975 1881 316 1880 316 1882 316 1881 317 1879 317 1880 317 1883 1402 1882 1402 1884 1402 1883 319 1881 319 1882 319 1885 320 1884 320 1886 320 1885 321 1883 321 1884 321 1887 322 1886 322 1888 322 1887 323 1885 323 1886 323 1889 324 1888 324 1890 324 1889 325 1887 325 1888 325 1891 986 1890 986 1892 986 1891 327 1889 327 1890 327 1893 986 1891 986 1892 986 1893 329 1892 329 1894 329 1895 330 1893 330 1894 330 1895 331 1894 331 1896 331 1897 332 1895 332 1896 332 1897 333 1896 333 1898 333 1899 334 1897 334 1898 334 1899 1403 1898 1403 1900 1403 1901 336 1899 336 1900 336 1901 337 1900 337 1902 337 1903 338 1901 338 1902 338 1903 339 1902 339 1904 339 1905 340 1903 340 1904 340 1905 341 1904 341 1906 341 1907 342 1906 342 1908 342 1907 1404 1905 1404 1906 1404 1909 344 1908 344 1910 344 1909 345 1907 345 1908 345 1911 346 1910 346 1912 346 1911 344 1909 344 1910 344 1913 1001 1912 1001 1914 1001 1913 1405 1911 1405 1912 1405 1915 348 1913 348 1914 348 1916 349 1915 349 1914 349 1916 1406 1914 1406 1917 1406 1918 1407 1916 1407 1917 1407 1918 1007 1917 1007 1919 1007 1920 353 1918 353 1919 353 1920 354 1919 354 1921 354 1922 355 1920 355 1921 355 1922 356 1921 356 1923 356 1924 357 1922 357 1923 357 1924 358 1923 358 1925 358 1926 1408 1924 1408 1925 1408 1926 360 1925 360 1927 360 1928 1016 1926 1016 1927 1016 1928 1409 1927 1409 1929 1409 1930 363 1928 363 1929 363 1930 364 1929 364 1931 364 1932 365 1930 365 1931 365 1932 366 1931 366 1933 366 1934 367 1932 367 1933 367 1934 368 1933 368 1935 368 1936 369 1934 369 1935 369 1936 370 1935 370 1937 370 1938 371 1936 371 1937 371 1938 372 1937 372 1939 372 1940 1025 1938 1025 1939 1025 1940 374 1939 374 1941 374 1942 375 1940 375 1941 375 1942 376 1941 376 1943 376 1944 1027 1942 1027 1943 1027 1944 1410 1943 1410 1945 1410 1946 1411 1944 1411 1945 1411 1946 1030 1945 1030 1947 1030 1948 380 1947 380 1949 380 1948 1412 1946 1412 1947 1412 1950 382 1948 382 1949 382 1950 383 1949 383 1951 383 1952 384 1951 384 1953 384 1952 385 1950 385 1951 385 1954 386 1953 386 1955 386 1954 387 1952 387 1953 387 1956 1413 1955 1413 1957 1413 1956 389 1954 389 1955 389 1958 390 1957 390 1959 390 1958 1414 1956 1414 1957 1414 1960 392 1959 392 1961 392 1960 393 1958 393 1959 393 1962 394 1960 394 1961 394 1962 1042 1961 1042 1963 1042 1964 1043 1962 1043 1963 1043 1964 396 1963 396 1965 396 1966 398 1964 398 1965 398 1966 398 1965 398 1967 398 1968 1045 1966 1045 1967 1045 1968 400 1967 400 1969 400 1970 401 1968 401 1969 401 1970 1415 1969 1415 1971 1415 1972 404 1970 404 1971 404 1972 1416 1971 1416 1973 1416 1974 1417 1972 1417 1973 1417 1974 1050 1973 1050 1975 1050 1976 1051 1974 1051 1975 1051 1976 1052 1975 1052 1977 1052 1978 1053 1976 1053 1977 1053 1978 409 1977 409 1979 409 1980 411 1978 411 1979 411 1980 411 1979 411 1981 411 1982 412 1980 412 1981 412 1982 413 1981 413 1983 413 1984 414 1982 414 1983 414 1984 415 1983 415 1985 415 1986 416 1984 416 1985 416 1986 417 1985 417 1987 417 1988 419 1987 419 1989 419 1988 1418 1986 1418 1987 1418 1990 1419 1988 1419 1989 1419 1990 1061 1989 1061 1991 1061 1992 422 1991 422 1993 422 1992 1420 1990 1420 1991 1420 1994 423 1993 423 1995 423 1994 424 1992 424 1993 424 1996 1063 1995 1063 1997 1063 1996 1421 1994 1421 1995 1421 1998 1422 1997 1422 1999 1422 1998 1423 1996 1423 1997 1423 2000 429 1999 429 2001 429 2000 429 1998 429 1999 429 2002 430 2001 430 2003 430 2002 431 2000 431 2001 431 2004 432 2003 432 2005 432 2004 1424 2002 1424 2003 1424 2006 434 2005 434 2007 434 2006 435 2004 435 2005 435 2008 1425 2007 1425 2009 1425 2008 437 2006 437 2007 437 2010 1071 2009 1071 2011 1071 2010 439 2008 439 2009 439 2012 440 2011 440 2013 440 2012 441 2010 441 2011 441 2014 442 2012 442 2013 442 2014 443 2013 443 2015 443 2016 444 2014 444 2015 444 2016 445 2015 445 2017 445 2018 1426 2016 1426 2017 1426 2018 1078 2017 1078 2019 1078 2020 447 2018 447 2019 447 2020 448 2019 448 2021 448 2022 449 2020 449 2021 449 2022 450 2021 450 2023 450 2024 451 2022 451 2023 451 2024 452 2023 452 2025 452 2026 453 2024 453 2025 453 2026 1427 2025 1427 2027 1427 2028 455 2027 455 2029 455 2028 456 2026 456 2027 456 2030 457 2028 457 2029 457 2030 458 2029 458 2031 458 2032 459 2031 459 2033 459 2032 1428 2030 1428 2031 1428 2034 461 2033 461 2035 461 2034 462 2032 462 2033 462 2036 463 2035 463 2037 463 2036 463 2034 463 2035 463 2038 464 2037 464 2039 464 2038 464 2036 464 2037 464 1788 1429 2039 1429 1789 1429 1788 467 2038 467 2039 467 1632 1430 1884 1430 1882 1430 1632 525 1882 525 1630 525 1628 1430 1882 1430 1880 1430 1628 468 1630 468 1882 468 1634 468 1884 468 1632 468 1634 1431 1886 1431 1884 1431 1626 513 1628 513 1880 513 1626 1432 1880 1432 1878 1432 1636 468 1886 468 1634 468 1636 1094 1888 1094 1886 1094 1624 1433 1626 1433 1878 1433 1624 1434 1878 1434 1876 1434 1638 468 1888 468 1636 468 1638 1096 1890 1096 1888 1096 1622 468 1624 468 1876 468 1622 1097 1876 1097 1874 1097 1640 476 1890 476 1638 476 1640 1435 1892 1435 1890 1435 1620 1099 1874 1099 1872 1099 1620 468 1622 468 1874 468 1642 1100 1892 1100 1640 1100 1642 1101 1894 1101 1892 1101 1618 468 1620 468 1872 468 1618 1436 1872 1436 1870 1436 1644 468 1894 468 1642 468 1644 1437 1896 1437 1894 1437 1616 1105 1870 1105 1868 1105 1616 468 1618 468 1870 468 1646 468 1896 468 1644 468 1646 1103 1898 1103 1896 1103 1614 468 1616 468 1868 468 1614 1106 1868 1106 1866 1106 1614 1438 1866 1438 1864 1438 1648 468 1898 468 1646 468 1648 515 1900 515 1898 515 1612 468 1614 468 1864 468 1650 1439 1902 1439 1900 1439 1650 468 1900 468 1648 468 1610 468 1612 468 1864 468 1610 1440 1864 1440 1862 1440 1652 1441 1904 1441 1902 1441 1652 468 1902 468 1650 468 1608 468 1610 468 1862 468 1608 1111 1862 1111 1860 1111 1654 1442 1906 1442 1904 1442 1654 1100 1904 1100 1652 1100 1606 468 1608 468 1860 468 1606 493 1860 493 1858 493 1656 468 1906 468 1654 468 1656 1443 1908 1443 1906 1443 1604 1444 1606 1444 1858 1444 1604 1445 1858 1445 1856 1445 1604 1116 1856 1116 1854 1116 1658 468 1910 468 1908 468 1658 1446 1908 1446 1656 1446 1602 468 1604 468 1854 468 1660 468 1910 468 1658 468 1660 468 1912 468 1910 468 1600 1447 1854 1447 1852 1447 1600 1448 1602 1448 1854 1448 1662 1120 1914 1120 1912 1120 1662 1449 1912 1449 1660 1449 1598 468 1600 468 1852 468 1598 1450 1852 1450 1850 1450 1664 468 1914 468 1662 468 1664 468 1919 468 1917 468 1664 468 1917 468 1914 468 1596 468 1598 468 1850 468 1596 1451 1850 1451 1848 1451 1666 1452 1919 1452 1664 1452 1594 468 1596 468 1848 468 1594 1453 1848 1453 1846 1453 1594 1454 1846 1454 1844 1454 1668 503 1919 503 1666 503 1668 468 1921 468 1919 468 1592 468 1594 468 1844 468 1670 1455 1921 1455 1668 1455 1670 468 1923 468 1921 468 1590 518 1592 518 1844 518 1590 1124 1844 1124 1842 1124 1672 468 1923 468 1670 468 1672 468 1925 468 1923 468 1588 525 1590 525 1842 525 1588 1456 1842 1456 1840 1456 1674 468 1925 468 1672 468 1674 1457 1927 1457 1925 1457 1586 505 1840 505 1838 505 1586 468 1588 468 1840 468 1677 468 1927 468 1674 468 1677 1128 1929 1128 1927 1128 1584 1458 1838 1458 1836 1458 1584 468 1586 468 1838 468 1678 1117 1929 1117 1677 1117 1678 468 1931 468 1929 468 1582 480 1836 480 1834 480 1582 468 1584 468 1836 468 1680 1130 1933 1130 1931 1130 1680 468 1931 468 1678 468 1580 1459 1834 1459 1832 1459 1580 468 1582 468 1834 468 1683 468 1937 468 1935 468 1683 468 1935 468 1933 468 1683 468 1933 468 1680 468 1578 468 1832 468 1830 468 1578 468 1580 468 1832 468 1684 468 1937 468 1683 468 1576 1460 1830 1460 1828 1460 1576 468 1578 468 1830 468 1686 468 1937 468 1684 468 1686 1435 1939 1435 1937 1435 1574 1461 1828 1461 1826 1461 1574 468 1576 468 1828 468 1688 1462 1941 1462 1939 1462 1688 468 1939 468 1686 468 1572 1463 1826 1463 1824 1463 1572 468 1574 468 1826 468 1690 476 1941 476 1688 476 1690 1464 1943 1464 1941 1464 1570 1465 1824 1465 1822 1465 1570 468 1572 468 1824 468 1692 1134 1945 1134 1943 1134 1692 468 1943 468 1690 468 1820 468 1570 468 1822 468 1568 468 1570 468 1820 468 1947 1466 1692 1466 1694 1466 1947 530 1945 530 1692 530 1566 468 1568 468 1820 468 1818 468 1566 468 1820 468 1949 528 1947 528 1694 528 1949 1144 1694 1144 1696 1144 1816 468 1566 468 1818 468 1816 1467 1564 1467 1566 1467 1951 530 1949 530 1696 530 1951 596 1696 596 1698 596 1814 468 1564 468 1816 468 1814 549 1562 549 1564 549 1814 1468 1560 1468 1562 1468 1953 468 1951 468 1698 468 1953 1469 1698 1469 1700 1469 1812 468 1560 468 1814 468 1955 468 1953 468 1700 468 1955 1470 1700 1470 1702 1470 1810 468 1560 468 1812 468 1810 1148 1558 1148 1560 1148 1957 468 1955 468 1702 468 1957 1149 1702 1149 1705 1149 1808 1471 1556 1471 1558 1471 1808 468 1558 468 1810 468 1959 585 1957 585 1705 585 1959 1151 1705 1151 1706 1151 1806 1472 1554 1472 1556 1472 1806 1473 1552 1473 1554 1473 1806 468 1556 468 1808 468 1961 544 1706 544 1708 544 1961 468 1959 468 1706 468 1804 468 1552 468 1806 468 1963 1474 1708 1474 1710 1474 1963 468 1961 468 1708 468 1802 1157 1550 1157 1552 1157 1802 468 1552 468 1804 468 1965 468 1963 468 1710 468 1965 1159 1712 1159 1714 1159 1965 1475 1710 1475 1712 1475 1800 1476 1548 1476 1550 1476 1800 468 1546 468 1548 468 1800 575 1550 575 1802 575 1967 468 1965 468 1714 468 1798 468 1546 468 1800 468 1969 468 1967 468 1714 468 1969 1477 1716 1477 1718 1477 1969 1478 1714 1478 1716 1478 1796 1162 1544 1162 1546 1162 1796 468 1546 468 1798 468 1971 468 1969 468 1718 468 1794 468 1544 468 1796 468 1794 468 1542 468 1544 468 1973 468 1971 468 1718 468 1973 1479 1718 1479 1720 1479 1792 1480 1542 1480 1794 1480 1792 1481 1540 1481 1542 1481 1975 1482 1722 1482 1724 1482 1975 1483 1720 1483 1722 1483 1975 1484 1973 1484 1720 1484 1790 1485 1540 1485 1792 1485 1790 468 1539 468 1540 468 1977 1168 1724 1168 1726 1168 1977 1486 1975 1486 1724 1486 1789 468 1786 468 1536 468 1789 468 1536 468 1539 468 1789 468 1539 468 1790 468 1979 468 1977 468 1726 468 2039 468 1786 468 1789 468 1981 1487 1726 1487 1728 1487 1981 468 1979 468 1726 468 2037 1174 1786 1174 2039 1174 2037 1172 1784 1172 1786 1172 2037 1488 1782 1488 1784 1488 1983 1489 1728 1489 1730 1489 1983 551 1981 551 1728 551 2035 468 1782 468 2037 468 1985 1490 1983 1490 1730 1490 1985 1180 1732 1180 1734 1180 1985 1491 1730 1491 1732 1491 2033 1179 1780 1179 1782 1179 2033 468 1782 468 2035 468 1987 468 1985 468 1734 468 1987 573 1734 573 1737 573 2031 550 1780 550 2033 550 2031 1181 1778 1181 1780 1181 1989 1492 1987 1492 1737 1492 2029 468 1778 468 2031 468 2029 1493 1776 1493 1778 1493 1991 468 1989 468 1737 468 1991 1494 1738 1494 1740 1494 1991 1495 1737 1495 1738 1495 2027 1185 1774 1185 1776 1185 2027 468 1776 468 2029 468 1993 1496 1991 1496 1740 1496 2025 1497 1772 1497 1774 1497 2025 1498 1770 1498 1772 1498 2025 468 1774 468 2027 468 1995 585 1993 585 1740 585 1995 1183 1740 1183 1742 1183 2023 470 1770 470 2025 470 1997 468 1995 468 1742 468 1997 1499 1744 1499 1746 1499 1997 1500 1742 1500 1744 1500 2021 1191 1768 1191 1770 1191 2021 1471 1766 1471 1768 1471 2021 468 1770 468 2023 468 1999 468 1997 468 1746 468 1999 1501 1746 1501 1748 1501 2019 1142 1766 1142 2021 1142 2001 468 1999 468 1748 468 2017 530 1766 530 2019 530 2017 1502 1764 1502 1766 1502 2017 1503 1762 1503 1764 1503 2003 589 2001 589 1748 589 2003 1504 1750 1504 1752 1504 2003 1505 1748 1505 1750 1505 2015 468 1762 468 2017 468 2005 1506 2003 1506 1752 1506 2013 468 1760 468 1762 468 2013 468 1762 468 2015 468 2007 1507 1752 1507 1754 1507 2007 468 2005 468 1752 468 2011 468 1760 468 2013 468 2011 1508 1758 1508 1760 1508 2011 1202 1756 1202 1758 1202 2009 1509 1754 1509 1756 1509 2009 468 1756 468 2011 468 2009 468 2007 468 1754 468 2040 599 2041 599 2042 599 2043 599 2041 599 2040 599 2044 599 2041 599 2043 599 2045 1203 2041 1203 2044 1203 2046 599 2041 599 2045 599 2047 599 2041 599 2046 599 2048 599 2041 599 2047 599 2049 599 2041 599 2048 599 2050 599 2041 599 2049 599 2051 599 2041 599 2050 599 2052 599 2041 599 2051 599 2053 1204 2041 1204 2052 1204 2054 599 2041 599 2053 599 2055 599 2041 599 2054 599 2056 599 2041 599 2055 599 2057 1510 2041 1510 2056 1510 2058 1511 2041 1511 2057 1511 2059 599 2041 599 2058 599 2060 599 2041 599 2059 599 2061 599 2041 599 2060 599 2062 1512 2041 1512 2061 1512 2063 599 2064 599 2065 599 2066 599 2064 599 2063 599 2067 599 2064 599 2066 599 2068 599 2064 599 2067 599 2042 599 2064 599 2068 599 2041 599 2064 599 2042 599 2069 1513 2064 1513 2070 1513 2071 599 2064 599 2069 599 2072 599 2064 599 2071 599 2073 637 2064 637 2072 637 2074 1514 2064 1514 2073 1514 2075 1515 2064 1515 2074 1515 2076 599 2064 599 2075 599 2077 599 2064 599 2076 599 2078 599 2064 599 2077 599 2079 1516 2064 1516 2078 1516 2080 601 2064 601 2079 601 2065 599 2064 599 2080 599 2064 1212 2081 1212 2070 1212 2064 1517 2082 1517 2081 1517 2064 1518 2083 1518 2082 1518 2064 599 2084 599 2083 599 2085 599 2086 599 2062 599 2087 1519 2086 1519 2085 1519 2088 599 2086 599 2087 599 2089 624 2086 624 2088 624 2090 599 2086 599 2089 599 2091 599 2086 599 2090 599 2092 599 2086 599 2091 599 2093 1217 2086 1217 2092 1217 2094 599 2086 599 2093 599 2095 1520 2086 1520 2094 1520 2096 599 2086 599 2095 599 2097 599 2086 599 2096 599 2062 599 2086 599 2041 599 2097 599 2098 599 2086 599 2098 1521 2099 1521 2086 1521 2099 599 2100 599 2086 599 2100 1220 2101 1220 2086 1220 2101 599 2102 599 2086 599 2102 599 2103 599 2086 599 2064 599 2104 599 2084 599 2105 599 2104 599 2106 599 2107 599 2104 599 2105 599 2108 599 2104 599 2107 599 2109 599 2104 599 2108 599 2110 599 2104 599 2109 599 2111 599 2104 599 2110 599 2112 599 2104 599 2111 599 2084 599 2104 599 2112 599 2103 599 2113 599 2086 599 2104 1522 2114 1522 2106 1522 2113 599 2115 599 2086 599 2104 1523 2116 1523 2114 1523 2115 599 2117 599 2086 599 2104 1524 2118 1524 2116 1524 2104 599 2119 599 2118 599 2104 1525 2120 1525 2119 1525 2121 599 2122 599 2117 599 2123 599 2122 599 2121 599 2124 599 2122 599 2123 599 2117 599 2122 599 2086 599 2104 599 2125 599 2120 599 2124 1526 2126 1526 2122 1526 2104 599 2127 599 2125 599 2126 599 2128 599 2122 599 2104 599 2129 599 2127 599 2128 1220 2130 1220 2122 1220 2104 1225 2131 1225 2129 1225 2130 1527 2132 1527 2122 1527 2104 1227 2133 1227 2131 1227 2132 599 2134 599 2122 599 2104 1228 2135 1228 2133 1228 2134 599 2136 599 2122 599 2104 599 2137 599 2135 599 2136 599 2138 599 2122 599 2139 1528 2140 1528 2104 1528 2104 1529 2140 1529 2137 1529 2138 599 2141 599 2122 599 2139 1530 2142 1530 2140 1530 2141 599 2143 599 2122 599 2139 599 2144 599 2142 599 2143 599 2145 599 2122 599 2139 1232 2146 1232 2144 1232 2145 599 2147 599 2122 599 2139 1531 2148 1531 2146 1531 2147 599 2149 599 2122 599 2139 599 2150 599 2148 599 2149 599 2151 599 2122 599 2139 599 2152 599 2150 599 2151 1532 2153 1532 2122 1532 2139 599 2154 599 2152 599 2153 599 2155 599 2122 599 2139 599 2156 599 2154 599 2155 599 2157 599 2122 599 2139 1533 2158 1533 2156 1533 2157 1236 2159 1236 2122 1236 2139 599 2160 599 2158 599 2122 599 2161 599 2139 599 2159 1237 2161 1237 2122 1237 2139 1534 2162 1534 2160 1534 2161 599 2163 599 2139 599 2139 599 2164 599 2162 599 2163 599 2165 599 2139 599 2139 599 2166 599 2164 599 2165 599 2167 599 2139 599 2139 1535 2168 1535 2166 1535 2167 599 2169 599 2139 599 2139 1240 2170 1240 2168 1240 2169 599 2171 599 2139 599 2139 1536 2171 1536 2170 1536 2172 1537 2173 1537 2174 1537 2175 1538 2176 1538 2177 1538 2175 468 2177 468 2178 468 2179 468 2180 468 2181 468 2179 468 2181 468 2182 468 2179 1244 2182 1244 2183 1244 2184 1539 2185 1539 2186 1539 2187 468 2185 468 2184 468 2188 468 2187 468 2189 468 2190 1293 2191 1293 2192 1293 2190 468 2192 468 2193 468 2194 1540 2195 1540 2196 1540 2197 468 2198 468 2199 468 2200 1541 2201 1541 2202 1541 2200 1542 2202 1542 2194 1542 2203 468 2197 468 2204 468 2205 658 2198 658 2197 658 2205 1251 2197 1251 2203 1251 2205 1543 2190 1543 2198 1543 2206 1544 2207 1544 2200 1544 2208 468 2209 468 2206 468 2210 468 2208 468 2206 468 2210 1242 2211 1242 2208 1242 2212 468 2205 468 2213 468 2212 1545 2213 1545 2214 1545 2212 1255 2214 1255 2215 1255 2212 468 2215 468 2216 468 2217 1256 2218 1256 2210 1256 2219 468 2212 468 2220 468 2221 1546 2194 1546 2196 1546 2221 1547 2200 1547 2194 1547 2221 468 2217 468 2210 468 2221 1548 2206 1548 2200 1548 2221 468 2210 468 2206 468 2221 1549 2222 1549 2217 1549 2221 1260 2196 1260 2223 1260 2224 468 2219 468 2225 468 2226 468 2219 468 2224 468 2226 1550 2212 1550 2219 1550 2227 1551 2212 1551 2226 1551 2228 468 2212 468 2227 468 2229 468 2230 468 2231 468 2229 1263 2231 1263 2232 1263 2229 1552 2232 1552 2221 1552 2229 1265 2172 1265 2174 1265 2229 1553 2223 1553 2233 1553 2229 1554 2233 1554 2234 1554 2229 468 2234 468 2235 468 2229 1555 2235 1555 2236 1555 2229 1269 2236 1269 2237 1269 2229 1556 2237 1556 2238 1556 2229 1557 2238 1557 2179 1557 2229 1272 2179 1272 2183 1272 2229 1273 2183 1273 2172 1273 2229 1558 2174 1558 2239 1558 2229 1559 2239 1559 2240 1559 2229 1560 2240 1560 2241 1560 2229 1561 2241 1561 2242 1561 2229 1562 2242 1562 2243 1562 2229 1279 2243 1279 2244 1279 2229 468 2221 468 2223 468 2245 468 2212 468 2228 468 2246 1537 2247 1537 2229 1537 2248 468 2249 468 2250 468 2251 468 2245 468 2249 468 2251 1280 2249 1280 2248 1280 2252 468 2253 468 2254 468 2252 468 2254 468 2255 468 2256 468 2255 468 2246 468 2256 468 2252 468 2255 468 2257 699 2251 699 2258 699 2257 468 2258 468 2259 468 2257 468 2245 468 2251 468 2260 1282 2261 1282 2262 1282 2260 468 2262 468 2263 468 2260 468 2263 468 2256 468 2264 1283 2265 1283 2266 1283 2267 1563 2257 1563 2268 1563 2267 1564 2268 1564 2265 1564 2267 468 2265 468 2264 468 2269 1286 2270 1286 2271 1286 2272 697 2267 697 2273 697 2274 1565 2245 1565 2257 1565 2274 468 2257 468 2267 468 2274 1288 2267 1288 2272 1288 2275 1566 2269 1566 2271 1566 2275 1290 2276 1290 2269 1290 2275 1291 2271 1291 2260 1291 2277 468 2275 468 2260 468 2278 659 2279 659 2280 659 2278 1292 2280 1292 2281 1292 2282 468 2279 468 2278 468 2283 468 2279 468 2282 468 2284 705 2285 705 2286 705 2284 651 2286 651 2287 651 2284 1567 2287 1567 2288 1567 2289 1568 2274 1568 2279 1568 2289 468 2279 468 2283 468 2290 468 2284 468 2288 468 2291 1295 2288 1295 2277 1295 2291 468 2290 468 2288 468 2292 468 2289 468 2293 468 2294 468 2256 468 2246 468 2294 1296 2191 1296 2190 1296 2294 1569 2245 1569 2274 1569 2294 712 2190 712 2205 712 2294 1570 2260 1570 2256 1570 2294 1300 2277 1300 2260 1300 2294 1301 2205 1301 2212 1301 2294 468 2291 468 2277 468 2294 1571 2185 1571 2187 1571 2294 1572 2176 1572 2175 1572 2294 468 2274 468 2289 468 2294 468 2289 468 2292 468 2294 1573 2212 1573 2245 1573 2294 1574 2187 1574 2188 1574 2294 1575 2229 1575 2244 1575 2294 1576 2244 1576 2295 1576 2294 1577 2295 1577 2176 1577 2294 1309 2246 1309 2229 1309 2294 1578 2175 1578 2296 1578 2294 1311 2296 1311 2185 1311 2294 1579 2188 1579 2297 1579 2294 1580 2297 1580 2191 1580 2298 1315 2299 1315 2122 1315 2122 1581 2299 1581 2086 1581 2041 729 2299 729 2300 729 2086 730 2299 730 2041 730 2300 731 2301 731 2041 731 2041 732 2301 732 2064 732 2301 1582 2302 1582 2064 1582 2064 1320 2302 1320 2104 1320 2303 734 2139 734 2302 734 2302 735 2139 735 2104 735 2303 736 2298 736 2139 736 2139 737 2298 737 2122 737 2300 599 2302 599 2301 599 2298 1323 2303 1323 2302 1323 2298 599 2302 599 2300 599 2299 1583 2298 1583 2300 1583 2304 1 2305 1 2306 1 2304 738 2306 738 2307 738 2308 739 2307 739 2309 739 2308 3 2304 3 2307 3 2310 1584 2309 1584 2311 1584 2310 1585 2308 1585 2309 1585 2312 742 2311 742 2313 742 2312 743 2310 743 2311 743 2314 8 2313 8 2315 8 2314 8 2312 8 2313 8 2316 9 2315 9 2317 9 2316 746 2314 746 2315 746 2318 1586 2317 1586 2319 1586 2318 12 2316 12 2317 12 2320 14 2319 14 2321 14 2320 14 2318 14 2319 14 2322 15 2321 15 2323 15 2322 16 2320 16 2321 16 2324 17 2323 17 2325 17 2324 1587 2322 1587 2323 1587 2326 19 2324 19 2325 19 2326 751 2325 751 2327 751 2328 21 2326 21 2327 21 2328 22 2327 22 2329 22 2330 24 2328 24 2329 24 2330 24 2329 24 2331 24 2332 26 2330 26 2331 26 2332 26 2331 26 2333 26 2334 1331 2332 1331 2333 1331 2334 1588 2333 1588 2335 1588 2336 1589 2334 1589 2335 1589 2336 29 2335 29 2337 29 2338 31 2336 31 2337 31 2338 30 2337 30 2339 30 2340 1590 2338 1590 2339 1590 2340 1590 2339 1590 2341 1590 2342 33 2340 33 2341 33 2342 33 2341 33 2343 33 2344 35 2342 35 2343 35 2344 1591 2343 1591 2345 1591 2346 762 2344 762 2345 762 2346 763 2345 763 2347 763 2348 38 2346 38 2347 38 2348 1592 2347 1592 2349 1592 2350 766 2349 766 2351 766 2350 767 2348 767 2349 767 2352 768 2351 768 2353 768 2352 769 2350 769 2351 769 2354 43 2353 43 2355 43 2354 44 2352 44 2353 44 2356 45 2355 45 2357 45 2356 770 2354 770 2355 770 2358 771 2357 771 2359 771 2358 772 2356 772 2357 772 2360 49 2359 49 2361 49 2360 1593 2358 1593 2359 1593 2362 52 2361 52 2363 52 2362 1594 2360 1594 2361 1594 2364 53 2363 53 2365 53 2364 53 2362 53 2363 53 2366 55 2365 55 2367 55 2366 1595 2364 1595 2365 1595 2368 1596 2367 1596 2369 1596 2368 1597 2366 1597 2367 1597 2370 1598 2369 1598 2371 1598 2370 60 2368 60 2369 60 2372 1599 2371 1599 2373 1599 2372 1600 2370 1600 2371 1600 2374 1601 2373 1601 2375 1601 2374 64 2372 64 2373 64 2376 65 2375 65 2377 65 2376 66 2374 66 2375 66 2378 786 2376 786 2377 786 2378 68 2377 68 2379 68 2380 1602 2378 1602 2379 1602 2380 1602 2379 1602 2381 1602 2382 70 2380 70 2381 70 2382 1603 2381 1603 2383 1603 2384 1604 2382 1604 2383 1604 2384 1605 2383 1605 2385 1605 2386 792 2384 792 2385 792 2386 793 2385 793 2387 793 2388 76 2386 76 2387 76 2388 76 2387 76 2389 76 2390 78 2388 78 2389 78 2390 78 2389 78 2391 78 2392 79 2390 79 2391 79 2392 79 2391 79 2393 79 2394 1606 2392 1606 2393 1606 2394 82 2393 82 2395 82 2396 84 2394 84 2395 84 2396 83 2395 83 2397 83 2398 86 2396 86 2397 86 2398 1607 2397 1607 2399 1607 2400 801 2398 801 2399 801 2400 802 2399 802 2401 802 2402 89 2400 89 2401 89 2402 1608 2401 1608 2403 1608 2404 92 2402 92 2403 92 2404 92 2403 92 2405 92 2406 94 2404 94 2405 94 2406 94 2405 94 2407 94 2408 808 2406 808 2407 808 2408 95 2407 95 2409 95 2408 1609 2409 1609 2410 1609 2411 1609 2408 1609 2410 1609 2412 98 2411 98 2410 98 2412 98 2410 98 2413 98 2414 99 2412 99 2413 99 2414 99 2413 99 2415 99 2416 813 2414 813 2415 813 2416 102 2415 102 2417 102 2416 1610 2417 1610 2418 1610 2419 103 2416 103 2418 103 2420 1611 2418 1611 2421 1611 2420 106 2419 106 2418 106 2422 108 2421 108 2423 108 2422 108 2420 108 2421 108 2424 109 2423 109 2425 109 2424 110 2422 110 2423 110 2426 1612 2425 1612 2427 1612 2426 1613 2424 1613 2425 1613 2428 1614 2426 1614 2427 1614 2428 1615 2427 1615 2429 1615 2430 114 2428 114 2429 114 2430 1616 2429 1616 2431 1616 2432 825 2430 825 2431 825 2432 117 2431 117 2433 117 2434 118 2432 118 2433 118 2434 826 2433 826 2435 826 2436 1617 2434 1617 2435 1617 2436 1618 2435 1618 2437 1618 2438 829 2436 829 2437 829 2438 830 2437 830 2439 830 2438 1619 2439 1619 2440 1619 2441 1620 2438 1620 2440 1620 2442 832 2441 832 2440 832 2442 833 2440 833 2443 833 2444 1621 2442 1621 2443 1621 2444 128 2443 128 2445 128 2446 131 2444 131 2445 131 2446 130 2445 130 2447 130 2448 837 2446 837 2447 837 2448 1622 2447 1622 2449 1622 2450 135 2448 135 2449 135 2450 1623 2449 1623 2451 1623 2452 136 2450 136 2451 136 2452 841 2451 841 2453 841 2454 138 2453 138 2455 138 2454 1624 2452 1624 2453 1624 2456 140 2455 140 2457 140 2456 140 2454 140 2455 140 2458 142 2457 142 2459 142 2458 142 2456 142 2457 142 2460 143 2459 143 2461 143 2460 144 2458 144 2459 144 2462 146 2461 146 2463 146 2462 1625 2460 1625 2461 1625 2464 147 2463 147 2465 147 2464 148 2462 148 2463 148 2466 149 2465 149 2467 149 2466 151 2467 151 2468 151 2466 150 2464 150 2465 150 2469 151 2466 151 2468 151 2470 153 2468 153 2471 153 2470 153 2469 153 2468 153 2472 154 2471 154 2473 154 2472 853 2470 853 2471 853 2474 1626 2473 1626 2475 1626 2474 157 2472 157 2473 157 2476 158 2475 158 2477 158 2476 856 2474 856 2475 856 2478 857 2477 857 2479 857 2478 160 2476 160 2477 160 2480 161 2478 161 2479 161 2480 858 2479 858 2481 858 2480 1627 2481 1627 2482 1627 2483 1628 2480 1628 2482 1628 2484 1629 2483 1629 2482 1629 2484 1630 2482 1630 2485 1630 2486 168 2484 168 2485 168 2486 168 2485 168 2487 168 2488 169 2487 169 2489 169 2488 1631 2486 1631 2487 1631 2490 171 2489 171 2491 171 2490 170 2488 170 2489 170 2492 173 2491 173 2493 173 2492 172 2490 172 2491 172 2494 1632 2493 1632 2495 1632 2494 1633 2492 1633 2493 1633 2496 1634 2495 1634 2497 1634 2496 177 2497 177 2498 177 2496 1634 2494 1634 2495 1634 2499 177 2496 177 2498 177 2500 178 2498 178 2501 178 2500 178 2499 178 2498 178 2502 1635 2501 1635 2503 1635 2502 1636 2500 1636 2501 1636 2504 180 2503 180 2505 180 2504 182 2502 182 2503 182 2506 183 2505 183 2507 183 2506 183 2504 183 2505 183 2508 1637 2507 1637 2509 1637 2508 185 2506 185 2507 185 2510 186 2509 186 2511 186 2510 884 2511 884 2512 884 2510 1638 2508 1638 2509 1638 2513 886 2510 886 2512 886 2514 191 2512 191 2515 191 2514 885 2513 885 2512 885 2516 192 2515 192 2517 192 2516 192 2514 192 2515 192 2518 194 2517 194 2519 194 2518 193 2516 193 2517 193 2520 1639 2519 1639 2521 1639 2520 1639 2518 1639 2519 1639 2522 1640 2521 1640 2523 1640 2522 198 2523 198 2524 198 2522 196 2520 196 2521 196 2525 198 2522 198 2524 198 2526 199 2524 199 2527 199 2526 894 2525 894 2524 894 2528 201 2526 201 2527 201 2528 201 2527 201 2529 201 2530 202 2528 202 2529 202 2530 1641 2529 1641 2531 1641 2530 205 2531 205 2532 205 2533 204 2530 204 2532 204 2534 206 2533 206 2532 206 2534 899 2532 899 2535 899 2536 1642 2534 1642 2535 1642 2536 1642 2535 1642 2537 1642 2538 208 2536 208 2537 208 2538 208 2537 208 2539 208 2540 210 2538 210 2539 210 2540 211 2539 211 2541 211 2542 903 2540 903 2541 903 2542 213 2541 213 2543 213 2544 1643 2542 1643 2543 1643 2544 1644 2543 1644 2545 1644 2546 216 2544 216 2545 216 2546 1645 2545 1645 2547 1645 2548 219 2546 219 2547 219 2548 219 2547 219 2549 219 2550 220 2548 220 2549 220 2550 221 2549 221 2551 221 2550 1646 2551 1646 2552 1646 2553 1647 2550 1647 2552 1647 2554 225 2552 225 2555 225 2554 224 2553 224 2552 224 2305 912 2555 912 2306 912 2305 913 2554 913 2555 913 2556 1648 2557 1648 2558 1648 2559 1649 2558 1649 2560 1649 2559 916 2556 916 2558 916 2561 917 2560 917 2562 917 2561 232 2559 232 2560 232 2563 233 2562 233 2564 233 2563 919 2561 919 2562 919 2565 920 2564 920 2566 920 2565 921 2563 921 2564 921 2567 237 2566 237 2568 237 2567 922 2565 922 2566 922 2569 239 2568 239 2570 239 2569 240 2567 240 2568 240 2571 241 2570 241 2572 241 2571 239 2569 239 2570 239 2573 926 2572 926 2574 926 2573 927 2571 927 2572 927 2575 928 2574 928 2576 928 2575 929 2573 929 2574 929 2577 246 2576 246 2578 246 2577 247 2575 247 2576 247 2579 930 2577 930 2578 930 2579 931 2578 931 2580 931 2581 932 2579 932 2580 932 2581 251 2580 251 2582 251 2583 252 2581 252 2582 252 2583 934 2582 934 2584 934 2585 254 2583 254 2584 254 2585 1650 2584 1650 2586 1650 2587 1651 2585 1651 2586 1651 2587 1652 2586 1652 2588 1652 2589 258 2587 258 2588 258 2589 938 2588 938 2590 938 2591 1653 2589 1653 2590 1653 2591 940 2590 940 2592 940 2593 941 2591 941 2592 941 2593 263 2592 263 2594 263 2595 942 2594 942 2596 942 2595 943 2593 943 2594 943 2597 944 2595 944 2596 944 2597 1654 2596 1654 2598 1654 2599 946 2598 946 2600 946 2599 269 2597 269 2598 269 2601 947 2600 947 2602 947 2601 1655 2599 1655 2600 1655 2603 272 2602 272 2604 272 2603 273 2601 273 2602 273 2605 274 2604 274 2606 274 2605 950 2603 950 2604 950 2607 276 2606 276 2608 276 2607 1656 2605 1656 2606 1656 2609 952 2608 952 2610 952 2609 276 2607 276 2608 276 2611 280 2610 280 2612 280 2611 281 2609 281 2610 281 2613 1657 2612 1657 2614 1657 2613 283 2611 283 2612 283 2615 1658 2614 1658 2616 1658 2615 1395 2613 1395 2614 1395 2617 286 2616 286 2618 286 2617 284 2615 284 2616 284 2619 1659 2618 1659 2620 1659 2619 286 2617 286 2618 286 2621 289 2620 289 2622 289 2621 290 2619 290 2620 290 2623 291 2622 291 2624 291 2623 289 2621 289 2622 289 2625 962 2624 962 2626 962 2625 294 2623 294 2624 294 2627 963 2626 963 2628 963 2627 296 2625 296 2626 296 2629 297 2627 297 2628 297 2629 965 2628 965 2630 965 2631 1660 2629 1660 2630 1660 2631 1661 2630 1661 2632 1661 2633 301 2631 301 2632 301 2633 968 2632 968 2634 968 2635 303 2634 303 2636 303 2635 304 2633 304 2634 304 2637 305 2636 305 2638 305 2637 306 2635 306 2636 306 2639 307 2638 307 2640 307 2639 308 2637 308 2638 308 2641 309 2640 309 2642 309 2641 310 2639 310 2640 310 2643 311 2642 311 2644 311 2643 309 2641 309 2642 309 2645 312 2644 312 2646 312 2645 973 2643 973 2644 973 2647 1662 2646 1662 2648 1662 2647 315 2645 315 2646 315 2649 976 2648 976 2650 976 2649 977 2647 977 2648 977 2651 1663 2650 1663 2652 1663 2651 979 2649 979 2650 979 2653 980 2652 980 2654 980 2653 981 2651 981 2652 981 2655 982 2654 982 2656 982 2655 983 2653 983 2654 983 2657 984 2656 984 2658 984 2657 985 2655 985 2656 985 2659 326 2658 326 2660 326 2659 327 2657 327 2658 327 2661 1664 2659 1664 2660 1664 2661 329 2660 329 2662 329 2663 988 2661 988 2662 988 2663 989 2662 989 2664 989 2665 990 2663 990 2664 990 2665 991 2664 991 2666 991 2667 334 2665 334 2666 334 2667 1665 2666 1665 2668 1665 2669 993 2667 993 2668 993 2669 994 2668 994 2670 994 2671 995 2669 995 2670 995 2671 339 2670 339 2672 339 2673 996 2671 996 2672 996 2673 341 2672 341 2674 341 2675 997 2674 997 2676 997 2675 1666 2673 1666 2674 1666 2677 344 2676 344 2678 344 2677 999 2675 999 2676 999 2679 1000 2678 1000 2680 1000 2679 344 2677 344 2678 344 2681 347 2680 347 2682 347 2681 1667 2679 1667 2680 1667 2683 1003 2681 1003 2682 1003 2684 1004 2683 1004 2682 1004 2684 1668 2682 1668 2685 1668 2686 1669 2684 1669 2685 1669 2686 352 2685 352 2687 352 2688 1008 2686 1008 2687 1008 2688 1009 2687 1009 2689 1009 2690 1010 2688 1010 2689 1010 2690 1011 2689 1011 2691 1011 2692 1012 2690 1012 2691 1012 2692 1013 2691 1013 2693 1013 2694 1670 2692 1670 2693 1670 2694 1015 2693 1015 2695 1015 2696 361 2694 361 2695 361 2696 1671 2695 1671 2697 1671 2698 363 2696 363 2697 363 2698 364 2697 364 2699 364 2700 365 2698 365 2699 365 2700 1018 2699 1018 2701 1018 2702 1019 2700 1019 2701 1019 2702 1020 2701 1020 2703 1020 2704 1021 2702 1021 2703 1021 2704 1022 2703 1022 2705 1022 2706 1023 2704 1023 2705 1023 2706 1024 2705 1024 2707 1024 2708 373 2706 373 2707 373 2708 374 2707 374 2709 374 2710 1026 2708 1026 2709 1026 2710 376 2709 376 2711 376 2712 377 2710 377 2711 377 2712 1672 2711 1672 2713 1672 2714 1673 2712 1673 2713 1673 2714 379 2713 379 2715 379 2716 380 2715 380 2717 380 2716 1674 2714 1674 2715 1674 2718 1032 2716 1032 2717 1032 2718 1033 2717 1033 2719 1033 2720 1034 2719 1034 2721 1034 2720 1035 2718 1035 2719 1035 2722 1036 2721 1036 2723 1036 2722 1037 2720 1037 2721 1037 2724 1675 2723 1675 2725 1675 2724 1039 2722 1039 2723 1039 2726 1040 2725 1040 2727 1040 2726 1676 2724 1676 2725 1676 2728 392 2727 392 2729 392 2728 393 2726 393 2727 393 2730 394 2728 394 2729 394 2730 395 2729 395 2731 395 2732 396 2730 396 2731 396 2732 396 2731 396 2733 396 2734 397 2732 397 2733 397 2734 1044 2733 1044 2735 1044 2736 399 2734 399 2735 399 2736 400 2735 400 2737 400 2738 1046 2736 1046 2737 1046 2738 1677 2737 1677 2739 1677 2740 403 2738 403 2739 403 2740 1678 2739 1678 2741 1678 2742 1679 2740 1679 2741 1679 2742 406 2741 406 2743 406 2744 407 2742 407 2743 407 2744 408 2743 408 2745 408 2746 409 2744 409 2745 409 2746 410 2745 410 2747 410 2748 411 2746 411 2747 411 2748 411 2747 411 2749 411 2750 1054 2748 1054 2749 1054 2750 1055 2749 1055 2751 1055 2752 414 2750 414 2751 414 2752 415 2751 415 2753 415 2754 1056 2752 1056 2753 1056 2754 1057 2753 1057 2755 1057 2756 1680 2755 1680 2757 1680 2756 1058 2754 1058 2755 1058 2758 1681 2756 1681 2757 1681 2758 421 2757 421 2759 421 2760 422 2759 422 2761 422 2760 1682 2758 1682 2759 1682 2762 423 2761 423 2763 423 2762 424 2760 424 2761 424 2764 425 2763 425 2765 425 2764 1683 2762 1683 2763 1683 2766 1684 2765 1684 2767 1684 2766 1685 2764 1685 2765 1685 2768 429 2767 429 2769 429 2768 429 2766 429 2767 429 2770 430 2769 430 2771 430 2770 1067 2768 1067 2769 1067 2772 432 2771 432 2773 432 2772 1686 2770 1686 2771 1686 2774 1069 2773 1069 2775 1069 2774 435 2772 435 2773 435 2776 1687 2775 1687 2777 1687 2776 437 2774 437 2775 437 2778 438 2777 438 2779 438 2778 1072 2776 1072 2777 1072 2780 440 2779 440 2781 440 2780 441 2778 441 2779 441 2782 1073 2780 1073 2781 1073 2782 1074 2781 1074 2783 1074 2784 1075 2782 1075 2783 1075 2784 1076 2783 1076 2785 1076 2786 1688 2784 1688 2785 1688 2786 446 2785 446 2787 446 2788 1079 2786 1079 2787 1079 2788 1080 2787 1080 2789 1080 2790 449 2788 449 2789 449 2790 450 2789 450 2791 450 2792 1081 2790 1081 2791 1081 2792 452 2791 452 2793 452 2794 1082 2792 1082 2793 1082 2794 1689 2793 1689 2795 1689 2796 1084 2795 1084 2797 1084 2796 1085 2794 1085 2795 1085 2798 1086 2796 1086 2797 1086 2798 458 2797 458 2799 458 2800 1087 2799 1087 2801 1087 2800 1690 2798 1690 2799 1690 2802 1088 2801 1088 2803 1088 2802 462 2800 462 2801 462 2804 463 2803 463 2805 463 2804 463 2802 463 2803 463 2806 1089 2805 1089 2807 1089 2806 465 2804 465 2805 465 2556 1691 2807 1691 2557 1691 2556 467 2806 467 2807 467 2400 468 2650 468 2398 468 2400 468 2652 468 2650 468 2396 468 2398 468 2650 468 2396 1460 2650 1460 2648 1460 2402 468 2652 468 2400 468 2402 1432 2654 1432 2652 1432 2394 471 2396 471 2648 471 2394 507 2648 507 2646 507 2404 468 2654 468 2402 468 2404 473 2656 473 2654 473 2392 468 2394 468 2646 468 2392 1692 2646 1692 2644 1692 2406 468 2656 468 2404 468 2406 473 2658 473 2656 473 2390 468 2392 468 2644 468 2390 475 2644 475 2642 475 2408 476 2658 476 2406 476 2408 1693 2660 1693 2658 1693 2388 468 2390 468 2642 468 2388 478 2642 478 2640 478 2411 1100 2660 1100 2408 1100 2411 480 2662 480 2660 480 2386 468 2388 468 2640 468 2386 1694 2640 1694 2638 1694 2412 468 2662 468 2411 468 2412 482 2664 482 2662 482 2384 483 2638 483 2636 483 2384 468 2386 468 2638 468 2414 468 2664 468 2412 468 2414 484 2666 484 2664 484 2382 468 2384 468 2636 468 2382 485 2636 485 2634 485 2416 468 2666 468 2414 468 2416 1695 2668 1695 2666 1695 2380 1696 2634 1696 2632 1696 2380 468 2382 468 2634 468 2419 484 2670 484 2668 484 2419 468 2668 468 2416 468 2378 468 2380 468 2632 468 2378 1697 2632 1697 2630 1697 2420 468 2670 468 2419 468 2420 1441 2672 1441 2670 1441 2376 501 2378 501 2630 501 2376 491 2630 491 2628 491 2422 1698 2674 1698 2672 1698 2422 468 2672 468 2420 468 2374 468 2376 468 2628 468 2374 1699 2628 1699 2626 1699 2424 1700 2676 1700 2674 1700 2424 468 2674 468 2422 468 2372 1701 2374 1701 2626 1701 2372 1114 2626 1114 2624 1114 2426 468 2676 468 2424 468 2426 468 2678 468 2676 468 2370 1702 2372 1702 2624 1702 2370 1116 2624 1116 2622 1116 2428 468 2678 468 2426 468 2428 468 2680 468 2678 468 2368 1703 2622 1703 2620 1703 2368 468 2370 468 2622 468 2430 468 2682 468 2680 468 2430 468 2680 468 2428 468 2366 499 2368 499 2620 499 2366 1704 2620 1704 2618 1704 2432 468 2687 468 2685 468 2432 468 2685 468 2682 468 2432 468 2682 468 2430 468 2364 468 2366 468 2618 468 2364 1705 2618 1705 2616 1705 2434 468 2687 468 2432 468 2362 1706 2364 1706 2616 1706 2362 1707 2616 1707 2614 1707 2436 1455 2687 1455 2434 1455 2436 468 2689 468 2687 468 2360 468 2362 468 2614 468 2360 1708 2614 1708 2612 1708 2438 468 2691 468 2689 468 2438 503 2689 503 2436 503 2358 468 2360 468 2612 468 2358 505 2612 505 2610 505 2441 468 2691 468 2438 468 2441 468 2693 468 2691 468 2356 468 2358 468 2610 468 2356 1709 2610 1709 2608 1709 2442 468 2693 468 2441 468 2442 468 2695 468 2693 468 2354 1710 2608 1710 2606 1710 2354 468 2356 468 2608 468 2444 468 2695 468 2442 468 2444 508 2697 508 2695 508 2352 1711 2606 1711 2604 1711 2352 468 2354 468 2606 468 2446 510 2697 510 2444 510 2446 511 2699 511 2697 511 2350 1712 2604 1712 2602 1712 2350 471 2352 471 2604 471 2448 514 2701 514 2699 514 2448 510 2699 510 2446 510 2348 1131 2602 1131 2600 1131 2348 1133 2600 1133 2598 1133 2348 468 2350 468 2602 468 2450 468 2701 468 2448 468 2450 516 2703 516 2701 516 2346 468 2348 468 2598 468 2452 468 2705 468 2703 468 2452 468 2703 468 2450 468 2344 468 2598 468 2596 468 2344 468 2346 468 2598 468 2454 489 2707 489 2705 489 2454 468 2705 468 2452 468 2342 1134 2596 1134 2594 1134 2342 518 2344 518 2596 518 2456 1713 2711 1713 2709 1713 2456 521 2709 521 2707 521 2456 468 2707 468 2454 468 2340 1695 2594 1695 2592 1695 2340 468 2342 468 2594 468 2458 1140 2711 1140 2456 1140 2338 1714 2592 1714 2590 1714 2338 525 2340 525 2592 525 2460 468 2713 468 2711 468 2460 468 2711 468 2458 468 2336 480 2590 480 2588 480 2336 468 2338 468 2590 468 2715 1715 2460 1715 2462 1715 2715 470 2713 470 2460 470 2586 529 2334 529 2336 529 2586 530 2336 530 2588 530 2717 531 2715 531 2462 531 2717 533 2462 533 2464 533 2584 528 2334 528 2586 528 2584 468 2332 468 2334 468 2719 1142 2717 1142 2464 1142 2719 1716 2464 1716 2466 1716 2582 1142 2332 1142 2584 1142 2582 535 2330 535 2332 535 2721 468 2719 468 2466 468 2721 1717 2469 1717 2470 1717 2721 1718 2466 1718 2469 1718 2580 468 2330 468 2582 468 2580 1191 2328 1191 2330 1191 2580 1164 2326 1164 2328 1164 2723 468 2721 468 2470 468 2578 468 2326 468 2580 468 2725 1719 2470 1719 2472 1719 2725 468 2723 468 2470 468 2576 541 2324 541 2326 541 2576 468 2326 468 2578 468 2727 468 2725 468 2472 468 2727 542 2472 542 2474 542 2574 468 2322 468 2324 468 2574 468 2324 468 2576 468 2729 1720 2474 1720 2476 1720 2729 468 2727 468 2474 468 2572 1721 2320 1721 2322 1721 2572 1695 2322 1695 2574 1695 2731 1722 2478 1722 2480 1722 2731 1723 2476 1723 2478 1723 2731 468 2729 468 2476 468 2570 546 2318 546 2320 546 2570 1724 2316 1724 2318 1724 2570 468 2320 468 2572 468 2733 468 2731 468 2480 468 2568 468 2314 468 2316 468 2568 468 2316 468 2570 468 2735 468 2733 468 2480 468 2735 547 2480 547 2483 547 2566 468 2314 468 2568 468 2737 553 2735 553 2483 553 2737 1725 2483 1725 2484 1725 2564 468 2314 468 2566 468 2564 552 2312 552 2314 552 2739 468 2737 468 2484 468 2739 1726 2486 1726 2488 1726 2739 1727 2484 1727 2486 1727 2562 468 2312 468 2564 468 2562 468 2310 468 2312 468 2741 1728 2488 1728 2490 1728 2741 468 2739 468 2488 468 2560 1729 2308 1729 2310 1729 2560 558 2310 558 2562 558 2743 468 2741 468 2490 468 2558 468 2304 468 2308 468 2558 468 2305 468 2304 468 2558 560 2308 560 2560 560 2745 1730 2490 1730 2492 1730 2745 468 2743 468 2490 468 2557 1731 2305 1731 2558 1731 2747 562 2492 562 2494 562 2747 468 2745 468 2492 468 2807 1732 2554 1732 2305 1732 2807 1166 2305 1166 2557 1166 2749 468 2747 468 2494 468 2749 1733 2494 1733 2496 1733 2805 1734 2553 1734 2554 1734 2805 1735 2550 1735 2553 1735 2805 468 2554 468 2807 468 2751 1736 2499 1736 2500 1736 2751 1737 2496 1737 2499 1737 2751 1738 2749 1738 2496 1738 2803 570 2550 570 2805 570 2753 1739 2751 1739 2500 1739 2753 542 2500 542 2502 542 2801 572 2548 572 2550 572 2801 468 2546 468 2548 468 2801 468 2550 468 2803 468 2755 468 2753 468 2502 468 2799 468 2546 468 2801 468 2757 1740 2504 1740 2506 1740 2757 1741 2502 1741 2504 1741 2757 468 2755 468 2502 468 2797 468 2546 468 2799 468 2797 1742 2544 1742 2546 1742 2759 468 2757 468 2506 468 2759 1743 2506 1743 2508 1743 2795 468 2544 468 2797 468 2795 1744 2542 1744 2544 1744 2761 468 2759 468 2508 468 2761 1745 2508 1745 2510 1745 2793 1746 2542 1746 2795 1746 2793 1497 2540 1497 2542 1497 2763 468 2761 468 2510 468 2791 468 2540 468 2793 468 2791 1747 2538 1747 2540 1747 2765 1748 2513 1748 2514 1748 2765 1749 2510 1749 2513 1749 2765 468 2763 468 2510 468 2789 468 2538 468 2791 468 2789 468 2536 468 2538 468 2767 585 2765 585 2514 585 2787 468 2536 468 2789 468 2787 1750 2534 1750 2536 1750 2769 468 2767 468 2514 468 2769 1751 2514 1751 2516 1751 2785 468 2534 468 2787 468 2785 1752 2533 1752 2534 1752 2771 598 2769 598 2516 598 2771 1753 2516 1753 2518 1753 2783 591 2530 591 2533 591 2783 592 2528 592 2530 592 2783 468 2533 468 2785 468 2773 468 2771 468 2518 468 2773 1754 2518 1754 2520 1754 2781 530 2528 530 2783 530 2775 1755 2520 1755 2522 1755 2775 468 2773 468 2520 468 2779 595 2526 595 2528 595 2779 551 2528 551 2781 551 2777 596 2525 596 2526 596 2777 1756 2522 1756 2525 1756 2777 1506 2775 1506 2522 1506 2777 468 2526 468 2779 468 2808 599 2809 599 2810 599 2811 599 2809 599 2808 599 2812 599 2809 599 2811 599 2813 599 2809 599 2812 599 2814 599 2809 599 2813 599 2815 1220 2809 1220 2814 1220 2816 1757 2809 1757 2815 1757 2817 599 2809 599 2816 599 2818 599 2809 599 2817 599 2819 599 2809 599 2818 599 2820 599 2809 599 2819 599 2821 599 2809 599 2820 599 2822 599 2809 599 2821 599 2823 599 2809 599 2822 599 2824 599 2809 599 2823 599 2825 599 2809 599 2824 599 2826 602 2809 602 2825 602 2827 603 2809 603 2826 603 2828 604 2809 604 2827 604 2829 599 2809 599 2828 599 2830 599 2809 599 2829 599 2831 605 2832 605 2833 605 2834 599 2832 599 2831 599 2835 599 2832 599 2834 599 2836 606 2832 606 2835 606 2810 599 2832 599 2836 599 2809 1758 2832 1758 2810 1758 2837 599 2832 599 2838 599 2839 608 2832 608 2837 608 2840 1759 2832 1759 2839 1759 2841 599 2832 599 2840 599 2842 599 2832 599 2841 599 2843 599 2832 599 2842 599 2844 599 2832 599 2843 599 2845 599 2832 599 2844 599 2846 599 2832 599 2845 599 2847 599 2832 599 2846 599 2848 599 2832 599 2847 599 2833 599 2832 599 2848 599 2832 610 2849 610 2838 610 2832 1760 2850 1760 2849 1760 2832 1761 2851 1761 2850 1761 2832 1762 2852 1762 2851 1762 2853 1763 2854 1763 2830 1763 2855 599 2854 599 2853 599 2856 599 2854 599 2855 599 2857 599 2854 599 2856 599 2858 599 2854 599 2857 599 2859 599 2854 599 2858 599 2860 599 2854 599 2859 599 2830 599 2854 599 2809 599 2861 1217 2854 1217 2860 1217 2862 1764 2854 1764 2861 1764 2863 599 2854 599 2862 599 2864 1765 2854 1765 2863 1765 2865 599 2854 599 2864 599 2865 1766 2866 1766 2854 1766 2866 599 2867 599 2854 599 2867 599 2868 599 2854 599 2868 599 2869 599 2854 599 2869 599 2870 599 2854 599 2870 599 2871 599 2854 599 2832 599 2872 599 2852 599 2873 619 2872 619 2874 619 2875 1767 2872 1767 2873 1767 2876 1768 2872 1768 2875 1768 2877 599 2872 599 2876 599 2878 599 2872 599 2877 599 2879 599 2872 599 2878 599 2880 599 2872 599 2879 599 2852 599 2872 599 2880 599 2871 599 2881 599 2854 599 2872 599 2882 599 2874 599 2881 599 2883 599 2854 599 2872 1769 2884 1769 2882 1769 2883 599 2885 599 2854 599 2872 599 2886 599 2884 599 2872 1770 2887 1770 2886 1770 2872 599 2888 599 2887 599 2889 599 2890 599 2885 599 2891 599 2890 599 2889 599 2892 599 2890 599 2891 599 2885 599 2890 599 2854 599 2872 599 2893 599 2888 599 2892 1771 2894 1771 2890 1771 2872 599 2895 599 2893 599 2894 1772 2896 1772 2890 1772 2872 599 2897 599 2895 599 2896 599 2898 599 2890 599 2872 1773 2899 1773 2897 1773 2898 599 2900 599 2890 599 2872 1774 2901 1774 2899 1774 2900 1210 2902 1210 2890 1210 2872 629 2903 629 2901 629 2902 1775 2904 1775 2890 1775 2872 631 2905 631 2903 631 2904 1776 2906 1776 2890 1776 2907 1528 2908 1528 2872 1528 2872 1777 2908 1777 2905 1777 2906 599 2909 599 2890 599 2907 1778 2910 1778 2908 1778 2909 599 2911 599 2890 599 2907 599 2912 599 2910 599 2911 599 2913 599 2890 599 2907 636 2914 636 2912 636 2913 637 2915 637 2890 637 2907 599 2916 599 2914 599 2915 638 2917 638 2890 638 2907 1779 2918 1779 2916 1779 2917 599 2919 599 2890 599 2907 1780 2920 1780 2918 1780 2919 599 2921 599 2890 599 2907 641 2922 641 2920 641 2921 599 2923 599 2890 599 2907 599 2924 599 2922 599 2923 599 2925 599 2890 599 2907 1781 2926 1781 2924 1781 2925 599 2927 599 2890 599 2907 1782 2928 1782 2926 1782 2890 599 2929 599 2907 599 2927 599 2929 599 2890 599 2907 1783 2930 1783 2928 1783 2929 599 2931 599 2907 599 2907 1784 2932 1784 2930 1784 2931 599 2933 599 2907 599 2907 1785 2934 1785 2932 1785 2933 599 2935 599 2907 599 2907 599 2936 599 2934 599 2935 1786 2937 1786 2907 1786 2907 648 2938 648 2936 648 2937 599 2939 599 2907 599 2907 1787 2939 1787 2938 1787 2940 1242 2941 1242 2942 1242 2943 651 2944 651 2945 651 2943 468 2945 468 2946 468 2947 468 2948 468 2949 468 2947 652 2949 652 2950 652 2947 653 2950 653 2951 653 2952 1788 2953 1788 2954 1788 2955 468 2953 468 2952 468 2956 468 2955 468 2957 468 2958 1789 2959 1789 2960 1789 2958 468 2960 468 2961 468 2962 1247 2963 1247 2964 1247 2965 468 2966 468 2967 468 2968 468 2969 468 2970 468 2968 1790 2970 1790 2962 1790 2971 468 2965 468 2972 468 2973 658 2966 658 2965 658 2973 659 2965 659 2971 659 2973 1791 2958 1791 2966 1791 2974 468 2975 468 2968 468 2976 697 2977 697 2974 697 2978 662 2976 662 2974 662 2978 663 2979 663 2976 663 2980 468 2973 468 2981 468 2980 1792 2981 1792 2982 1792 2980 665 2982 665 2983 665 2980 468 2983 468 2984 468 2985 663 2986 663 2978 663 2987 468 2980 468 2988 468 2989 1793 2962 1793 2964 1793 2989 1794 2968 1794 2962 1794 2989 669 2985 669 2978 669 2989 1795 2974 1795 2968 1795 2989 671 2978 671 2974 671 2989 1256 2990 1256 2985 1256 2989 672 2964 672 2991 672 2992 468 2987 468 2993 468 2994 468 2987 468 2992 468 2994 468 2980 468 2987 468 2995 468 2980 468 2994 468 2996 468 2980 468 2995 468 2997 468 2998 468 2999 468 2997 1796 2999 1796 3000 1796 2997 468 3000 468 2989 468 2997 1797 2940 1797 2942 1797 2997 1798 2991 1798 3001 1798 2997 1799 3001 1799 3002 1799 2997 468 3002 468 3003 468 2997 1800 3003 1800 3004 1800 2997 678 3004 678 3005 678 2997 679 3005 679 3006 679 2997 1801 3006 1801 2947 1801 2997 681 2947 681 2951 681 2997 682 2951 682 2940 682 2997 1802 2942 1802 3007 1802 2997 1803 3007 1803 3008 1803 2997 1804 3008 1804 3009 1804 2997 1805 3009 1805 3010 1805 2997 1806 3010 1806 3011 1806 2997 688 3011 688 3012 688 2997 468 2989 468 2991 468 3013 468 2980 468 2996 468 3014 1807 3015 1807 2997 1807 3016 1808 3017 1808 3018 1808 3019 468 3013 468 3017 468 3019 468 3017 468 3016 468 3020 468 3021 468 3022 468 3020 468 3022 468 3023 468 3024 468 3023 468 3014 468 3024 468 3020 468 3023 468 3025 1809 3019 1809 3026 1809 3025 468 3026 468 3027 468 3025 468 3013 468 3019 468 3028 692 3029 692 3030 692 3028 468 3030 468 3031 468 3028 468 3031 468 3024 468 3032 468 3033 468 3034 468 3035 1810 3025 1810 3036 1810 3035 1811 3036 1811 3033 1811 3035 1812 3033 1812 3032 1812 3037 696 3038 696 3039 696 3040 697 3035 697 3041 697 3042 1813 3013 1813 3025 1813 3042 468 3025 468 3035 468 3042 699 3035 699 3040 699 3043 1814 3037 1814 3039 1814 3043 1815 3044 1815 3037 1815 3043 702 3039 702 3028 702 3045 468 3043 468 3028 468 3046 703 3047 703 3048 703 3046 704 3048 704 3049 704 3050 468 3047 468 3046 468 3051 468 3047 468 3050 468 3052 1816 3053 1816 3054 1816 3052 1817 3054 1817 3055 1817 3052 1818 3055 1818 3056 1818 3057 1819 3042 1819 3047 1819 3057 468 3047 468 3051 468 3058 468 3052 468 3056 468 3059 709 3056 709 3045 709 3059 468 3058 468 3056 468 3060 468 3057 468 3061 468 3062 1820 3024 1820 3014 1820 3062 1821 2959 1821 2958 1821 3062 468 3013 468 3042 468 3062 1822 2958 1822 2973 1822 3062 1823 3028 1823 3024 1823 3062 714 3045 714 3028 714 3062 715 2973 715 2980 715 3062 468 3059 468 3045 468 3062 1824 2953 1824 2955 1824 3062 1825 2944 1825 2943 1825 3062 718 3042 718 3057 718 3062 652 3057 652 3060 652 3062 1826 2980 1826 3013 1826 3062 1827 2955 1827 2956 1827 3062 468 2997 468 3012 468 3062 1828 3012 1828 3063 1828 3062 1829 3063 1829 2944 1829 3062 468 3014 468 2997 468 3062 1830 2943 1830 3064 1830 3062 724 3064 724 2953 724 3062 1831 2956 1831 3065 1831 3062 1832 3065 1832 2959 1832 3066 1833 3067 1833 2890 1833 2890 1834 3067 1834 2854 1834 2809 1316 3067 1316 3068 1316 2854 730 3067 730 2809 730 3068 1317 3069 1317 2809 1317 2809 1318 3069 1318 2832 1318 3069 1835 3070 1835 2832 1835 2832 733 3070 733 2872 733 3071 1321 2907 1321 3070 1321 3070 735 2907 735 2872 735 3071 1322 3066 1322 2907 1322 2907 737 3066 737 2890 737 3068 599 3070 599 3069 599 3066 599 3071 599 3070 599 3066 599 3070 599 3068 599 3067 599 3066 599 3068 599</p>
        </triangles>
      </mesh>
    </geometry>
  </library_geometries>
  <library_visual_scenes>
    <visual_scene id="Scene" name="Scene">
      <node id="node_37147828_343f_4129_bda1_b0d7fda150ae" name="node_37147828_343f_4129_bda1_b0d7fda150ae" type="NODE">
        <matrix sid="transform">1 0 0 0 0 1 0 0 0 0 1 0 0 0 0 1</matrix>
        <node id="node_1573a731_856c_4a68_9ba4_4d0c0b8f9fb5" name="node_1573a731_856c_4a68_9ba4_4d0c0b8f9fb5" type="NODE">
          <matrix sid="transform">1 0 0 0 0 1 0 0 0 0 1 0 0 0 0 1</matrix>
          <node id="node_1573a731_856c_4a68_9ba4_4d0c0b8f9fb5_mesh1" name="node_1573a731_856c_4a68_9ba4_4d0c0b8f9fb5_mesh1" type="NODE">
            <matrix sid="transform">1 0 0 0 0 1 0 0 0 0 1 0 0 0 0 1</matrix>
            <instance_geometry url="#geometry_697cd7e1_2389_491c_bade_f195235f2ca6-mesh" name="node_1573a731_856c_4a68_9ba4_4d0c0b8f9fb5_mesh1">
              <bind_material>
                <technique_common>
                  <instance_material symbol="mat_1_007-material" target="#mat_1_007-material" />
                </technique_common>
              </bind_material>
            </instance_geometry>
          </node>
        </node>
      </node>
      <node id="Camera" name="Camera" type="NODE">
        <matrix sid="transform">0.6859207 -0.3240135 0.6515582 7.358891 0.7276763 0.3054208 -0.6141704 -6.925791 0 0.8953956 0.4452714 4.958309 0 0 0 1</matrix>
        <instance_camera url="#Camera-camera" />
      </node>
      <node id="Light" name="Light" type="NODE">
        <matrix sid="transform">-0.2908646 -0.7711008 0.5663932 4.076245 0.9551712 -0.1998834 0.2183912 1.005454 -0.05518906 0.6045247 0.7946723 5.903862 0 0 0 1</matrix>
        <instance_light url="#Light-light" />
      </node>
    </visual_scene>
  </library_visual_scenes>
  <scene>
    <instance_visual_scene url="#Scene" />
  </scene>
</COLLADA>